Workbook

Sheet CUT_LIST
A1: PROJECT NAME:
A2: DATE:
A3: ALUMINIUM FINISH:
A5: LABEL | B5: PROFILE | C5: CUT LENGTH (MM) | D5: QTY | E5: TOTAL LENGTH (MM) | F5: OFFCUT AVAILABLE? | G5: NUMBER OF OFFCUTS AVAILABLE | H5: IF YES (RAL) | J5: PROFILES REQUIRED
E6: =C6*D6 -> 0 | F6: NO | J6: {=IFERROR( INDEX($B$6:$B$1000, MATCH(0, IF($B$6:$B$1000<>"", COUNTIF($J$5:J5,$B$6:$B$1000), 1 ), 0) ), "")}
E7: =C7*D7 -> 0 | F7: NO | J7: {=IFERROR( INDEX($B$6:$B$1000, MATCH(0, IF($B$6:$B$1000<>"", COUNTIF($J$5:J6,$B$6:$B$1000), 1 ), 0) ), "")}
E8: =C8*D8 -> 0 | F8: NO | J8: {=IFERROR( INDEX($B$6:$B$1000, MATCH(0, IF($B$6:$B$1000<>"", COUNTIF($J$5:J7,$B$6:$B$1000), 1 ), 0) ), "")}
E9: =C9*D9 -> 0 | F9: NO | J9: {=IFERROR( INDEX($B$6:$B$1000, MATCH(0, IF($B$6:$B$1000<>"", COUNTIF($J$5:J8,$B$6:$B$1000), 1 ), 0) ), "")}
E10: =C10*D10 -> 0 | F10: NO | J10: {=IFERROR( INDEX($B$6:$B$1000, MATCH(0, IF($B$6:$B$1000<>"", COUNTIF($J$5:J9,$B$6:$B$1000), 1 ), 0) ), "")}
E11: =C11*D11 -> 0 | F11: NO | J11: {=IFERROR( INDEX($B$6:$B$1000, MATCH(0, IF($B$6:$B$1000<>"", COUNTIF($J$5:J10,$B$6:$B$1000), 1 ), 0) ), "")}
E12: =C12*D12 -> 0 | F12: NO | J12: {=IFERROR( INDEX($B$6:$B$1000, MATCH(0, IF($B$6:$B$1000<>"", COUNTIF($J$5:J11,$B$6:$B$1000), 1 ), 0) ), "")}
E13: =C13*D13 -> 0 | F13: NO | J13: {=IFERROR( INDEX($B$6:$B$1000, MATCH(0, IF($B$6:$B$1000<>"", COUNTIF($J$5:J12,$B$6:$B$1000), 1 ), 0) ), "")}
E14: =C14*D14 -> 0 | F14: NO | J14: {=IFERROR( INDEX($B$6:$B$1000, MATCH(0, IF($B$6:$B$1000<>"", COUNTIF($J$5:J13,$B$6:$B$1000), 1 ), 0) ), "")}
E15: =C15*D15 -> 0 | F15: NO | J15: {=IFERROR( INDEX($B$6:$B$1000, MATCH(0, IF($B$6:$B$1000<>"", COUNTIF($J$5:J14,$B$6:$B$1000), 1 ), 0) ), "")}
E16: =C16*D16 -> 0 | F16: NO | J16: {=IFERROR( INDEX($B$6:$B$1000, MATCH(0, IF($B$6:$B$1000<>"", COUNTIF($J$5:J15,$B$6:$B$1000), 1 ), 0) ), "")}
E17: =C17*D17 -> 0 | F17: NO | J17: {=IFERROR( INDEX($B$6:$B$1000, MATCH(0, IF($B$6:$B$1000<>"", COUNTIF($J$5:J16,$B$6:$B$1000), 1 ), 0) ), "")}
... E25: =C25*D25 -> 0 | F25: NO | J25: {=IFERROR( INDEX($B$6:$B$1000, MATCH(0, IF($B$6:$B$1000<>"", COUNTIF($J$5:J24,$B$6:$B$1000), 1 ), 0) ), "")}
E26: =C26*D26 -> 0 | F26: NO
E27: =C27*D27 -> 0 | F27: NO
E28: =C28*D28 -> 0 | F28: NO
E29: =C29*D29 -> 0 | F29: NO
E30: =C30*D30 -> 0 | F30: NO
E31: =C31*D31 -> 0 | F31: NO
E32: =C32*D32 -> 0 | F32: NO
E33: =C33*D33 -> 0 | F33: NO
E34: =C34*D34 -> 0 | F34: NO
E35: =C35*D35 -> 0 | F35: NO
E36: =C36*D36 -> 0 | F36: NO
E37: =C37*D37 -> 0 | F37: NO
... E528: =C528*D528 -> 0 | F528: NO

Sheet SUMMARY
A1: PROJECT NAME: | B1: =CUT_LIST!B1 -> 0
A2: DATE: | B2: =CUT_LIST!B2 -> 0
A4: SYSTEM CALCULATED
A5: PROFILE | B5: TOTAL LENGTH (MM) | C5: NO. OF LENGTHS REQUIRED | D5: ESTIMATED TOTAL WASTEAGE (MM) | E5: % WASTEAGE | G5: LENGTH SIZE (MM)
A6: =CUT_LIST!J6 | B6: {=SUMPRODUCT((CUT_LIST!$B$6:$B$1000=$A6)*IFERROR(CUT_LIST!$C$6:$C$1000,0)*(IFERROR(CUT_LIST!$D$6:$D$1000,0)-IF(UPPER(CUT_LIST!$F$6:$F$1000)="YES",IFERROR(IF(CUT_LIST!$G$6:$G$1000>IFERROR(CUT_LIST!$D$6:$D$1000,0),IFERROR(CUT_LIST!$D$6:$D$1000,0),CUT_LIST!$G$6:$G$1000),0),0)))} -> 0 | C6: =ROUNDUP(B6/$G$6,0) -> 0 | D6: =C6*$G$6-B6 -> 0 | E6: =(D6/($G$6*C6))*0.6 -> #DIV/0! | G6: 6400
A7: =CUT_LIST!J7 | B7: {=SUMPRODUCT((CUT_LIST!$B$6:$B$1000=$A7)*IFERROR(CUT_LIST!$C$6:$C$1000,0)*(IFERROR(CUT_LIST!$D$6:$D$1000,0)-IF(UPPER(CUT_LIST!$F$6:$F$1000)="YES",IFERROR(IF(CUT_LIST!$G$6:$G$1000>IFERROR(CUT_LIST!$D$6:$D$1000,0),IFERROR(CUT_LIST!$D$6:$D$1000,0),CUT_LIST!$G$6:$G$1000),0),0)))} -> 0 | C7: =ROUNDUP(B7/$G$6,0) -> 0 | D7: =C7*$G$6-B7 -> 0 | E7: =(D7/($G$6*C7))*0.6 -> #DIV/0!
A8: =CUT_LIST!J8 | B8: {=SUMPRODUCT((CUT_LIST!$B$6:$B$1000=$A8)*IFERROR(CUT_LIST!$C$6:$C$1000,0)*(IFERROR(CUT_LIST!$D$6:$D$1000,0)-IF(UPPER(CUT_LIST!$F$6:$F$1000)="YES",IFERROR(IF(CUT_LIST!$G$6:$G$1000>IFERROR(CUT_LIST!$D$6:$D$1000,0),IFERROR(CUT_LIST!$D$6:$D$1000,0),CUT_LIST!$G$6:$G$1000),0),0)))} -> 0 | C8: =ROUNDUP(B8/$G$6,0) -> 0 | D8: =C8*$G$6-B8 -> 0 | E8: =(D8/($G$6*C8))*0.6 -> #DIV/0!
A9: =CUT_LIST!J9 | B9: {=SUMPRODUCT((CUT_LIST!$B$6:$B$1000=$A9)*IFERROR(CUT_LIST!$C$6:$C$1000,0)*(IFERROR(CUT_LIST!$D$6:$D$1000,0)-IF(UPPER(CUT_LIST!$F$6:$F$1000)="YES",IFERROR(IF(CUT_LIST!$G$6:$G$1000>IFERROR(CUT_LIST!$D$6:$D$1000,0),IFERROR(CUT_LIST!$D$6:$D$1000,0),CUT_LIST!$G$6:$G$1000),0),0)))} -> 0 | C9: =ROUNDUP(B9/$G$6,0) -> 0 | D9: =C9*$G$6-B9 -> 0 | E9: =(D9/($G$6*C9))*0.6 -> #DIV/0!
A10: =CUT_LIST!J10 | B10: {=SUMPRODUCT((CUT_LIST!$B$6:$B$1000=$A10)*IFERROR(CUT_LIST!$C$6:$C$1000,0)*(IFERROR(CUT_LIST!$D$6:$D$1000,0)-IF(UPPER(CUT_LIST!$F$6:$F$1000)="YES",IFERROR(IF(CUT_LIST!$G$6:$G$1000>IFERROR(CUT_LIST!$D$6:$D$1000,0),IFERROR(CUT_LIST!$D$6:$D$1000,0),CUT_LIST!$G$6:$G$1000),0),0)))} -> 0 | C10: =ROUNDUP(B10/$G$6,0) -> 0 | D10: =C10*$G$6-B10 -> 0 | E10: =(D10/($G$6*C10))*0.6 -> #DIV/0!
A11: =CUT_LIST!J11 | B11: {=SUMPRODUCT((CUT_LIST!$B$6:$B$1000=$A11)*IFERROR(CUT_LIST!$C$6:$C$1000,0)*(IFERROR(CUT_LIST!$D$6:$D$1000,0)-IF(UPPER(CUT_LIST!$F$6:$F$1000)="YES",IFERROR(IF(CUT_LIST!$G$6:$G$1000>IFERROR(CUT_LIST!$D$6:$D$1000,0),IFERROR(CUT_LIST!$D$6:$D$1000,0),CUT_LIST!$G$6:$G$1000),0),0)))} -> 0 | C11: =ROUNDUP(B11/$G$6,0) -> 0 | D11: =C11*$G$6-B11 -> 0 | E11: =(D11/($G$6*C11))*0.6 -> #DIV/0!
A12: =CUT_LIST!J12 | B12: {=SUMPRODUCT((CUT_LIST!$B$6:$B$1000=$A12)*IFERROR(CUT_LIST!$C$6:$C$1000,0)*(IFERROR(CUT_LIST!$D$6:$D$1000,0)-IF(UPPER(CUT_LIST!$F$6:$F$1000)="YES",IFERROR(IF(CUT_LIST!$G$6:$G$1000>IFERROR(CUT_LIST!$D$6:$D$1000,0),IFERROR(CUT_LIST!$D$6:$D$1000,0),CUT_LIST!$G$6:$G$1000),0),0)))} -> 0 | C12: =ROUNDUP(B12/$G$6,0) -> 0 | D12: =C12*$G$6-B12 -> 0 | E12: =(D12/($G$6*C12))*0.6 -> #DIV/0!
A13: =CUT_LIST!J13 | B13: {=SUMPRODUCT((CUT_LIST!$B$6:$B$1000=$A13)*IFERROR(CUT_LIST!$C$6:$C$1000,0)*(IFERROR(CUT_LIST!$D$6:$D$1000,0)-IF(UPPER(CUT_LIST!$F$6:$F$1000)="YES",IFERROR(IF(CUT_LIST!$G$6:$G$1000>IFERROR(CUT_LIST!$D$6:$D$1000,0),IFERROR(CUT_LIST!$D$6:$D$1000,0),CUT_LIST!$G$6:$G$1000),0),0)))} -> 0 | C13: =ROUNDUP(B13/$G$6,0) -> 0 | D13: =C13*$G$6-B13 -> 0 | E13: =(D13/($G$6*C13))*0.6 -> #DIV/0!
A14: =CUT_LIST!J14 | B14: {=SUMPRODUCT((CUT_LIST!$B$6:$B$1000=$A14)*IFERROR(CUT_LIST!$C$6:$C$1000,0)*(IFERROR(CUT_LIST!$D$6:$D$1000,0)-IF(UPPER(CUT_LIST!$F$6:$F$1000)="YES",IFERROR(IF(CUT_LIST!$G$6:$G$1000>IFERROR(CUT_LIST!$D$6:$D$1000,0),IFERROR(CUT_LIST!$D$6:$D$1000,0),CUT_LIST!$G$6:$G$1000),0),0)))} -> 0 | C14: =ROUNDUP(B14/$G$6,0) -> 0 | D14: =C14*$G$6-B14 -> 0 | E14: =(D14/($G$6*C14))*0.6 -> #DIV/0!
A15: =CUT_LIST!J15 | B15: {=SUMPRODUCT((CUT_LIST!$B$6:$B$1000=$A15)*IFERROR(CUT_LIST!$C$6:$C$1000,0)*(IFERROR(CUT_LIST!$D$6:$D$1000,0)-IF(UPPER(CUT_LIST!$F$6:$F$1000)="YES",IFERROR(IF(CUT_LIST!$G$6:$G$1000>IFERROR(CUT_LIST!$D$6:$D$1000,0),IFERROR(CUT_LIST!$D$6:$D$1000,0),CUT_LIST!$G$6:$G$1000),0),0)))} -> 0 | C15: =ROUNDUP(B15/$G$6,0) -> 0 | D15: =C15*$G$6-B15 -> 0 | E15: =(D15/($G$6*C15))*0.6 -> #DIV/0!
A16: =CUT_LIST!J16 | B16: {=SUMPRODUCT((CUT_LIST!$B$6:$B$1000=$A16)*IFERROR(CUT_LIST!$C$6:$C$1000,0)*(IFERROR(CUT_LIST!$D$6:$D$1000,0)-IF(UPPER(CUT_LIST!$F$6:$F$1000)="YES",IFERROR(IF(CUT_LIST!$G$6:$G$1000>IFERROR(CUT_LIST!$D$6:$D$1000,0),IFERROR(CUT_LIST!$D$6:$D$1000,0),CUT_LIST!$G$6:$G$1000),0),0)))} -> 0 | C16: =ROUNDUP(B16/$G$6,0) -> 0 | D16: =C16*$G$6-B16 -> 0 | E16: =(D16/($G$6*C16))*0.6 -> #DIV/0!
A17: =CUT_LIST!J17 | B17: {=SUMPRODUCT((CUT_LIST!$B$6:$B$1000=$A17)*IFERROR(CUT_LIST!$C$6:$C$1000,0)*(IFERROR(CUT_LIST!$D$6:$D$1000,0)-IF(UPPER(CUT_LIST!$F$6:$F$1000)="YES",IFERROR(IF(CUT_LIST!$G$6:$G$1000>IFERROR(CUT_LIST!$D$6:$D$1000,0),IFERROR(CUT_LIST!$D$6:$D$1000,0),CUT_LIST!$G$6:$G$1000),0),0)))} -> 0 | C17: =ROUNDUP(B17/$G$6,0) -> 0 | D17: =C17*$G$6-B17 -> 0 | E17: =(D17/($G$6*C17))*0.6 -> #DIV/0!
A18: =CUT_LIST!J18 | B18: {=SUMPRODUCT((CUT_LIST!$B$6:$B$1000=$A18)*IFERROR(CUT_LIST!$C$6:$C$1000,0)*(IFERROR(CUT_LIST!$D$6:$D$1000,0)-IF(UPPER(CUT_LIST!$F$6:$F$1000)="YES",IFERROR(IF(CUT_LIST!$G$6:$G$1000>IFERROR(CUT_LIST!$D$6:$D$1000,0),IFERROR(CUT_LIST!$D$6:$D$1000,0),CUT_LIST!$G$6:$G$1000),0),0)))} -> 0 | C18: =ROUNDUP(B18/$G$6,0) -> 0 | D18: =C18*$G$6-B18 -> 0 | E18: =(D18/($G$6*C18))*0.6 -> #DIV/0!
... A25: =CUT_LIST!J25 | B25: {=SUMPRODUCT((CUT_LIST!$B$6:$B$1000=$A25)*IFERROR(CUT_LIST!$C$6:$C$1000,0)*(IFERROR(CUT_LIST!$D$6:$D$1000,0)-IF(UPPER(CUT_LIST!$F$6:$F$1000)="YES",IFERROR(IF(CUT_LIST!$G$6:$G$1000>IFERROR(CUT_LIST!$D$6:$D$1000,0),IFERROR(CUT_LIST!$D$6:$D$1000,0),CUT_LIST!$G$6:$G$1000),0),0)))} -> 0 | C25: =ROUNDUP(B25/$G$6,0) -> 0 | D25: =C25*$G$6-B25 -> 0 | E25: =(D25/($G$6*C25))*0.6 -> #DIV/0!
A26: MANUAL ORDER | G26: LENGTH SIZE (MM)
A27: PROFILE | B27: LENGTH SIZE | C27: NO. OF LENGTHS REQUIRED | G27: 6400
B28: =$G$27 -> 6400
B29: =$G$27 -> 6400
B30: =$G$27 -> 6400
B31: =$G$27 -> 6400
B32: =$G$27 -> 6400
B33: =$G$27 -> 6400
B34: =$G$27 -> 6400
B35: =$G$27 -> 6400
B36: =$G$27 -> 6400
B37: =$G$27 -> 6400
B38: =$G$27 -> 6400
B39: =$G$27 -> 6400
... B47: =$G$27 -> 6400

Sheet CUTTING LIST - OFFCUTS
A1: CUTTING LIST - FROM OFFCUTS
A2: PROJECT NAME: | B2: =CUT_LIST!B1 -> 0
A3: DATE: | B3: =CUT_LIST!B2 -> 0
A4: ALUMINIUM FINISH: | B4: =CUT_LIST!B3 -> 0
A6: LABEL | B6: PROFILE | C6: CUT LENGTH (MM) | D6: QTY | E6: RAL OF OFFCUT
A7: {=IF($F7="","",INDEX(CUT_LIST!$A$6:$A$1000,$F7))} | B7: {=IF($F7="","",INDEX(CUT_LIST!$B$6:$B$1000,$F7))} | C7: {=IF($F7="","",INDEX(CUT_LIST!$C$6:$C$1000,$F7))} | D7: =IF($F7="","", MIN( INDEX(CUT_LIST!$D$6:$D$1000,$F7), N(INDEX(CUT_LIST!$G$6:$G$1000,$F7)) ) ) | E7: {=IF($F7="","",INDEX(CUT_LIST!$H$6:$H$1000,$F7))} | F7: {=IFERROR( SMALL( IF( (TRIM(UPPER(CUT_LIST!$F$6:$F$1000))="YES")*(N(CUT_LIST!$G$6:$G$1000)>0), ROW(CUT_LIST!$F$6:$F$1000)-ROW(CUT_LIST!$F$6)+1 ), ROWS($F$7:F7) ), "")}
A8: {=IF($F8="","",INDEX(CUT_LIST!$A$6:$A$1000,$F8))} | B8: {=IF($F8="","",INDEX(CUT_LIST!$B$6:$B$1000,$F8))} | C8: {=IF($F8="","",INDEX(CUT_LIST!$C$6:$C$1000,$F8))} | D8: =IF($F8="","", MIN( INDEX(CUT_LIST!$D$6:$D$1000,$F8), N(INDEX(CUT_LIST!$G$6:$G$1000,$F8)) ) ) | E8: {=IF($F8="","",INDEX(CUT_LIST!$H$6:$H$1000,$F8))} | F8: {=IFERROR( SMALL( IF( (TRIM(UPPER(CUT_LIST!$F$6:$F$1000))="YES")*(N(CUT_LIST!$G$6:$G$1000)>0), ROW(CUT_LIST!$F$6:$F$1000)-ROW(CUT_LIST!$F$6)+1 ), ROWS($F$7:F8) ), "")}
A9: {=IF($F9="","",INDEX(CUT_LIST!$A$6:$A$1000,$F9))} | B9: {=IF($F9="","",INDEX(CUT_LIST!$B$6:$B$1000,$F9))} | C9: {=IF($F9="","",INDEX(CUT_LIST!$C$6:$C$1000,$F9))} | D9: =IF($F9="","", MIN( INDEX(CUT_LIST!$D$6:$D$1000,$F9), N(INDEX(CUT_LIST!$G$6:$G$1000,$F9)) ) ) | E9: {=IF($F9="","",INDEX(CUT_LIST!$H$6:$H$1000,$F9))} | F9: {=IFERROR( SMALL( IF( (TRIM(UPPER(CUT_LIST!$F$6:$F$1000))="YES")*(N(CUT_LIST!$G$6:$G$1000)>0), ROW(CUT_LIST!$F$6:$F$1000)-ROW(CUT_LIST!$F$6)+1 ), ROWS($F$7:F9) ), "")}
A10: {=IF($F10="","",INDEX(CUT_LIST!$A$6:$A$1000,$F10))} | B10: {=IF($F10="","",INDEX(CUT_LIST!$B$6:$B$1000,$F10))} | C10: {=IF($F10="","",INDEX(CUT_LIST!$C$6:$C$1000,$F10))} | D10: =IF($F10="","", MIN( INDEX(CUT_LIST!$D$6:$D$1000,$F10), N(INDEX(CUT_LIST!$G$6:$G$1000,$F10)) ) ) | E10: {=IF($F10="","",INDEX(CUT_LIST!$H$6:$H$1000,$F10))} | F10: {=IFERROR( SMALL( IF( (TRIM(UPPER(CUT_LIST!$F$6:$F$1000))="YES")*(N(CUT_LIST!$G$6:$G$1000)>0), ROW(CUT_LIST!$F$6:$F$1000)-ROW(CUT_LIST!$F$6)+1 ), ROWS($F$7:F10) ), "")}
A11: {=IF($F11="","",INDEX(CUT_LIST!$A$6:$A$1000,$F11))} | B11: {=IF($F11="","",INDEX(CUT_LIST!$B$6:$B$1000,$F11))} | C11: {=IF($F11="","",INDEX(CUT_LIST!$C$6:$C$1000,$F11))} | D11: =IF($F11="","", MIN( INDEX(CUT_LIST!$D$6:$D$1000,$F11), N(INDEX(CUT_LIST!$G$6:$G$1000,$F11)) ) ) | E11: {=IF($F11="","",INDEX(CUT_LIST!$H$6:$H$1000,$F11))} | F11: {=IFERROR( SMALL( IF( (TRIM(UPPER(CUT_LIST!$F$6:$F$1000))="YES")*(N(CUT_LIST!$G$6:$G$1000)>0), ROW(CUT_LIST!$F$6:$F$1000)-ROW(CUT_LIST!$F$6)+1 ), ROWS($F$7:F11) ), "")}
A12: {=IF($F12="","",INDEX(CUT_LIST!$A$6:$A$1000,$F12))} | B12: {=IF($F12="","",INDEX(CUT_LIST!$B$6:$B$1000,$F12))} | C12: {=IF($F12="","",INDEX(CUT_LIST!$C$6:$C$1000,$F12))} | D12: =IF($F12="","", MIN( INDEX(CUT_LIST!$D$6:$D$1000,$F12), N(INDEX(CUT_LIST!$G$6:$G$1000,$F12)) ) ) | E12: {=IF($F12="","",INDEX(CUT_LIST!$H$6:$H$1000,$F12))} | F12: {=IFERROR( SMALL( IF( (TRIM(UPPER(CUT_LIST!$F$6:$F$1000))="YES")*(N(CUT_LIST!$G$6:$G$1000)>0), ROW(CUT_LIST!$F$6:$F$1000)-ROW(CUT_LIST!$F$6)+1 ), ROWS($F$7:F12) ), "")}
A13: {=IF($F13="","",INDEX(CUT_LIST!$A$6:$A$1000,$F13))} | B13: {=IF($F13="","",INDEX(CUT_LIST!$B$6:$B$1000,$F13))} | C13: {=IF($F13="","",INDEX(CUT_LIST!$C$6:$C$1000,$F13))} | D13: =IF($F13="","", MIN( INDEX(CUT_LIST!$D$6:$D$1000,$F13), N(INDEX(CUT_LIST!$G$6:$G$1000,$F13)) ) ) | E13: {=IF($F13="","",INDEX(CUT_LIST!$H$6:$H$1000,$F13))} | F13: {=IFERROR( SMALL( IF( (TRIM(UPPER(CUT_LIST!$F$6:$F$1000))="YES")*(N(CUT_LIST!$G$6:$G$1000)>0), ROW(CUT_LIST!$F$6:$F$1000)-ROW(CUT_LIST!$F$6)+1 ), ROWS($F$7:F13) ), "")}
A14: {=IF($F14="","",INDEX(CUT_LIST!$A$6:$A$1000,$F14))} | B14: {=IF($F14="","",INDEX(CUT_LIST!$B$6:$B$1000,$F14))} | C14: {=IF($F14="","",INDEX(CUT_LIST!$C$6:$C$1000,$F14))} | D14: =IF($F14="","", MIN( INDEX(CUT_LIST!$D$6:$D$1000,$F14), N(INDEX(CUT_LIST!$G$6:$G$1000,$F14)) ) ) | E14: {=IF($F14="","",INDEX(CUT_LIST!$H$6:$H$1000,$F14))} | F14: {=IFERROR( SMALL( IF( (TRIM(UPPER(CUT_LIST!$F$6:$F$1000))="YES")*(N(CUT_LIST!$G$6:$G$1000)>0), ROW(CUT_LIST!$F$6:$F$1000)-ROW(CUT_LIST!$F$6)+1 ), ROWS($F$7:F14) ), "")}
A15: {=IF($F15="","",INDEX(CUT_LIST!$A$6:$A$1000,$F15))} | B15: {=IF($F15="","",INDEX(CUT_LIST!$B$6:$B$1000,$F15))} | C15: {=IF($F15="","",INDEX(CUT_LIST!$C$6:$C$1000,$F15))} | D15: =IF($F15="","", MIN( INDEX(CUT_LIST!$D$6:$D$1000,$F15), N(INDEX(CUT_LIST!$G$6:$G$1000,$F15)) ) ) | E15: {=IF($F15="","",INDEX(CUT_LIST!$H$6:$H$1000,$F15))} | F15: {=IFERROR( SMALL( IF( (TRIM(UPPER(CUT_LIST!$F$6:$F$1000))="YES")*(N(CUT_LIST!$G$6:$G$1000)>0), ROW(CUT_LIST!$F$6:$F$1000)-ROW(CUT_LIST!$F$6)+1 ), ROWS($F$7:F15) ), "")}
A16: {=IF($F16="","",INDEX(CUT_LIST!$A$6:$A$1000,$F16))} | B16: {=IF($F16="","",INDEX(CUT_LIST!$B$6:$B$1000,$F16))} | C16: {=IF($F16="","",INDEX(CUT_LIST!$C$6:$C$1000,$F16))} | D16: =IF($F16="","", MIN( INDEX(CUT_LIST!$D$6:$D$1000,$F16), N(INDEX(CUT_LIST!$G$6:$G$1000,$F16)) ) ) | E16: {=IF($F16="","",INDEX(CUT_LIST!$H$6:$H$1000,$F16))} | F16: {=IFERROR( SMALL( IF( (TRIM(UPPER(CUT_LIST!$F$6:$F$1000))="YES")*(N(CUT_LIST!$G$6:$G$1000)>0), ROW(CUT_LIST!$F$6:$F$1000)-ROW(CUT_LIST!$F$6)+1 ), ROWS($F$7:F16) ), "")}
A17: {=IF($F17="","",INDEX(CUT_LIST!$A$6:$A$1000,$F17))} | B17: {=IF($F17="","",INDEX(CUT_LIST!$B$6:$B$1000,$F17))} | C17: {=IF($F17="","",INDEX(CUT_LIST!$C$6:$C$1000,$F17))} | D17: =IF($F17="","", MIN( INDEX(CUT_LIST!$D$6:$D$1000,$F17), N(INDEX(CUT_LIST!$G$6:$G$1000,$F17)) ) ) | E17: {=IF($F17="","",INDEX(CUT_LIST!$H$6:$H$1000,$F17))} | F17: {=IFERROR( SMALL( IF( (TRIM(UPPER(CUT_LIST!$F$6:$F$1000))="YES")*(N(CUT_LIST!$G$6:$G$1000)>0), ROW(CUT_LIST!$F$6:$F$1000)-ROW(CUT_LIST!$F$6)+1 ), ROWS($F$7:F17) ), "")}
A18: {=IF($F18="","",INDEX(CUT_LIST!$A$6:$A$1000,$F18))} | B18: {=IF($F18="","",INDEX(CUT_LIST!$B$6:$B$1000,$F18))} | C18: {=IF($F18="","",INDEX(CUT_LIST!$C$6:$C$1000,$F18))} | D18: =IF($F18="","", MIN( INDEX(CUT_LIST!$D$6:$D$1000,$F18), N(INDEX(CUT_LIST!$G$6:$G$1000,$F18)) ) ) | E18: {=IF($F18="","",INDEX(CUT_LIST!$H$6:$H$1000,$F18))} | F18: {=IFERROR( SMALL( IF( (TRIM(UPPER(CUT_LIST!$F$6:$F$1000))="YES")*(N(CUT_LIST!$G$6:$G$1000)>0), ROW(CUT_LIST!$F$6:$F$1000)-ROW(CUT_LIST!$F$6)+1 ), ROWS($F$7:F18) ), "")}
... A1884: {=IF($F1884="","",INDEX(CUT_LIST!$A$6:$A$1000,$F1884))} | B1884: {=IF($F1884="","",INDEX(CUT_LIST!$B$6:$B$1000,$F1884))} | C1884: {=IF($F1884="","",INDEX(CUT_LIST!$C$6:$C$1000,$F1884))} | D1884: =IF($F1884="","", MIN( INDEX(CUT_LIST!$D$6:$D$1000,$F1884), N(INDEX(CUT_LIST!$G$6:$G$1000,$F1884)) ) ) | E1884: {=IF($F1884="","",INDEX(CUT_LIST!$H$6:$H$1000,$F1884))} | F1884: {=IFERROR( SMALL( IF( (TRIM(UPPER(CUT_LIST!$F$6:$F$1000))="YES")*(N(CUT_LIST!$G$6:$G$1000)>0), ROW(CUT_LIST!$F$6:$F$1000)-ROW(CUT_LIST!$F$6)+1 ), ROWS($F$7:F1884) ), "")}

Sheet CUTTING LIST - LENGTHS
A1: CUTTING LIST - LENGTHS
A2: PROJECT NAME: | B2: =CUT_LIST!B1 -> 0
A3: DATE: | B3: =CUT_LIST!B2 -> 0
A4: ALUMINIUM FINISH: | B4: =CUT_LIST!B3 -> 0
A6: LABEL | B6: PROFILE | C6: CUT LENGTH (MM) | D6: QTY
A7: {=IF($F7="","",INDEX(CUT_LIST!$A$6:$A$1000,$F7))} -> 0 | B7: {=IF($F7="","",INDEX(CUT_LIST!$B$6:$B$1000,$F7))} -> 0 | C7: {=IF($F7="","",INDEX(CUT_LIST!$C$6:$C$1000,$F7))} -> 0 | D7: {=IF($F7="","", IF( TRIM(UPPER(INDEX(CUT_LIST!$F$6:$F$1000,$F7)))="NO", N(INDEX(CUT_LIST!$D$6:$D$1000,$F7)), N(INDEX(CUT_LIST!$D$6:$D$1000,$F7))- MIN( N(INDEX(CUT_LIST!$D$6:$D$1000,$F7)), N(INDEX(CUT_LIST!$G$6:$G$1000,$F7)) ) ) )} -> 0 | F7: {=IFERROR( SMALL( IF( ( (TRIM(UPPER(CUT_LIST!$F$6:$F$1000))="NO") + (TRIM(UPPER(CUT_LIST!$F$6:$F$1000))="YES")* (N(CUT_LIST!$D$6:$D$1000)-MIN(N(CUT_LIST!$D$6:$D$1000),N(CUT_LIST!$G$6:$G$1000))>0) )>0, ROW(CUT_LIST!$F$6:$F$1000)-ROW(CUT_LIST!$F$6)+1 ), ROWS($F$7:F7) ), "")} -> 1
A8: {=IF($F8="","",INDEX(CUT_LIST!$A$6:$A$1000,$F8))} -> 0 | B8: {=IF($F8="","",INDEX(CUT_LIST!$B$6:$B$1000,$F8))} -> 0 | C8: {=IF($F8="","",INDEX(CUT_LIST!$C$6:$C$1000,$F8))} -> 0 | D8: {=IF($F8="","", IF( TRIM(UPPER(INDEX(CUT_LIST!$F$6:$F$1000,$F8)))="NO", N(INDEX(CUT_LIST!$D$6:$D$1000,$F8)), N(INDEX(CUT_LIST!$D$6:$D$1000,$F8))- MIN( N(INDEX(CUT_LIST!$D$6:$D$1000,$F8)), N(INDEX(CUT_LIST!$G$6:$G$1000,$F8)) ) ) )} -> 0 | F8: {=IFERROR( SMALL( IF( ( (TRIM(UPPER(CUT_LIST!$F$6:$F$1000))="NO") + (TRIM(UPPER(CUT_LIST!$F$6:$F$1000))="YES")* (N(CUT_LIST!$D$6:$D$1000)-MIN(N(CUT_LIST!$D$6:$D$1000),N(CUT_LIST!$G$6:$G$1000))>0) )>0, ROW(CUT_LIST!$F$6:$F$1000)-ROW(CUT_LIST!$F$6)+1 ), ROWS($F$7:F8) ), "")} -> 2
A9: {=IF($F9="","",INDEX(CUT_LIST!$A$6:$A$1000,$F9))} -> 0 | B9: {=IF($F9="","",INDEX(CUT_LIST!$B$6:$B$1000,$F9))} -> 0 | C9: {=IF($F9="","",INDEX(CUT_LIST!$C$6:$C$1000,$F9))} -> 0 | D9: {=IF($F9="","", IF( TRIM(UPPER(INDEX(CUT_LIST!$F$6:$F$1000,$F9)))="NO", N(INDEX(CUT_LIST!$D$6:$D$1000,$F9)), N(INDEX(CUT_LIST!$D$6:$D$1000,$F9))- MIN( N(INDEX(CUT_LIST!$D$6:$D$1000,$F9)), N(INDEX(CUT_LIST!$G$6:$G$1000,$F9)) ) ) )} -> 0 | F9: {=IFERROR( SMALL( IF( ( (TRIM(UPPER(CUT_LIST!$F$6:$F$1000))="NO") + (TRIM(UPPER(CUT_LIST!$F$6:$F$1000))="YES")* (N(CUT_LIST!$D$6:$D$1000)-MIN(N(CUT_LIST!$D$6:$D$1000),N(CUT_LIST!$G$6:$G$1000))>0) )>0, ROW(CUT_LIST!$F$6:$F$1000)-ROW(CUT_LIST!$F$6)+1 ), ROWS($F$7:F9) ), "")} -> 3
A10: {=IF($F10="","",INDEX(CUT_LIST!$A$6:$A$1000,$F10))} -> 0 | B10: {=IF($F10="","",INDEX(CUT_LIST!$B$6:$B$1000,$F10))} -> 0 | C10: {=IF($F10="","",INDEX(CUT_LIST!$C$6:$C$1000,$F10))} -> 0 | D10: {=IF($F10="","", IF( TRIM(UPPER(INDEX(CUT_LIST!$F$6:$F$1000,$F10)))="NO", N(INDEX(CUT_LIST!$D$6:$D$1000,$F10)), N(INDEX(CUT_LIST!$D$6:$D$1000,$F10))- MIN( N(INDEX(CUT_LIST!$D$6:$D$1000,$F10)), N(INDEX(CUT_LIST!$G$6:$G$1000,$F10)) ) ) )} -> 0 | F10: {=IFERROR( SMALL( IF( ( (TRIM(UPPER(CUT_LIST!$F$6:$F$1000))="NO") + (TRIM(UPPER(CUT_LIST!$F$6:$F$1000))="YES")* (N(CUT_LIST!$D$6:$D$1000)-MIN(N(CUT_LIST!$D$6:$D$1000),N(CUT_LIST!$G$6:$G$1000))>0) )>0, ROW(CUT_LIST!$F$6:$F$1000)-ROW(CUT_LIST!$F$6)+1 ), ROWS($F$7:F10) ), "")} -> 4
A11: {=IF($F11="","",INDEX(CUT_LIST!$A$6:$A$1000,$F11))} -> 0 | B11: {=IF($F11="","",INDEX(CUT_LIST!$B$6:$B$1000,$F11))} -> 0 | C11: {=IF($F11="","",INDEX(CUT_LIST!$C$6:$C$1000,$F11))} -> 0 | D11: {=IF($F11="","", IF( TRIM(UPPER(INDEX(CUT_LIST!$F$6:$F$1000,$F11)))="NO", N(INDEX(CUT_LIST!$D$6:$D$1000,$F11)), N(INDEX(CUT_LIST!$D$6:$D$1000,$F11))- MIN( N(INDEX(CUT_LIST!$D$6:$D$1000,$F11)), N(INDEX(CUT_LIST!$G$6:$G$1000,$F11)) ) ) )} -> 0 | F11: {=IFERROR( SMALL( IF( ( (TRIM(UPPER(CUT_LIST!$F$6:$F$1000))="NO") + (TRIM(UPPER(CUT_LIST!$F$6:$F$1000))="YES")* (N(CUT_LIST!$D$6:$D$1000)-MIN(N(CUT_LIST!$D$6:$D$1000),N(CUT_LIST!$G$6:$G$1000))>0) )>0, ROW(CUT_LIST!$F$6:$F$1000)-ROW(CUT_LIST!$F$6)+1 ), ROWS($F$7:F11) ), "")} -> 5
A12: {=IF($F12="","",INDEX(CUT_LIST!$A$6:$A$1000,$F12))} -> 0 | B12: {=IF($F12="","",INDEX(CUT_LIST!$B$6:$B$1000,$F12))} -> 0 | C12: {=IF($F12="","",INDEX(CUT_LIST!$C$6:$C$1000,$F12))} -> 0 | D12: {=IF($F12="","", IF( TRIM(UPPER(INDEX(CUT_LIST!$F$6:$F$1000,$F12)))="NO", N(INDEX(CUT_LIST!$D$6:$D$1000,$F12)), N(INDEX(CUT_LIST!$D$6:$D$1000,$F12))- MIN( N(INDEX(CUT_LIST!$D$6:$D$1000,$F12)), N(INDEX(CUT_LIST!$G$6:$G$1000,$F12)) ) ) )} -> 0 | F12: {=IFERROR( SMALL( IF( ( (TRIM(UPPER(CUT_LIST!$F$6:$F$1000))="NO") + (TRIM(UPPER(CUT_LIST!$F$6:$F$1000))="YES")* (N(CUT_LIST!$D$6:$D$1000)-MIN(N(CUT_LIST!$D$6:$D$1000),N(CUT_LIST!$G$6:$G$1000))>0) )>0, ROW(CUT_LIST!$F$6:$F$1000)-ROW(CUT_LIST!$F$6)+1 ), ROWS($F$7:F12) ), "")} -> 6
A13: {=IF($F13="","",INDEX(CUT_LIST!$A$6:$A$1000,$F13))} -> 0 | B13: {=IF($F13="","",INDEX(CUT_LIST!$B$6:$B$1000,$F13))} -> 0 | C13: {=IF($F13="","",INDEX(CUT_LIST!$C$6:$C$1000,$F13))} -> 0 | D13: {=IF($F13="","", IF( TRIM(UPPER(INDEX(CUT_LIST!$F$6:$F$1000,$F13)))="NO", N(INDEX(CUT_LIST!$D$6:$D$1000,$F13)), N(INDEX(CUT_LIST!$D$6:$D$1000,$F13))- MIN( N(INDEX(CUT_LIST!$D$6:$D$1000,$F13)), N(INDEX(CUT_LIST!$G$6:$G$1000,$F13)) ) ) )} -> 0 | F13: {=IFERROR( SMALL( IF( ( (TRIM(UPPER(CUT_LIST!$F$6:$F$1000))="NO") + (TRIM(UPPER(CUT_LIST!$F$6:$F$1000))="YES")* (N(CUT_LIST!$D$6:$D$1000)-MIN(N(CUT_LIST!$D$6:$D$1000),N(CUT_LIST!$G$6:$G$1000))>0) )>0, ROW(CUT_LIST!$F$6:$F$1000)-ROW(CUT_LIST!$F$6)+1 ), ROWS($F$7:F13) ), "")} -> 7
A14: {=IF($F14="","",INDEX(CUT_LIST!$A$6:$A$1000,$F14))} -> 0 | B14: {=IF($F14="","",INDEX(CUT_LIST!$B$6:$B$1000,$F14))} -> 0 | C14: {=IF($F14="","",INDEX(CUT_LIST!$C$6:$C$1000,$F14))} -> 0 | D14: {=IF($F14="","", IF( TRIM(UPPER(INDEX(CUT_LIST!$F$6:$F$1000,$F14)))="NO", N(INDEX(CUT_LIST!$D$6:$D$1000,$F14)), N(INDEX(CUT_LIST!$D$6:$D$1000,$F14))- MIN( N(INDEX(CUT_LIST!$D$6:$D$1000,$F14)), N(INDEX(CUT_LIST!$G$6:$G$1000,$F14)) ) ) )} -> 0 | F14: {=IFERROR( SMALL( IF( ( (TRIM(UPPER(CUT_LIST!$F$6:$F$1000))="NO") + (TRIM(UPPER(CUT_LIST!$F$6:$F$1000))="YES")* (N(CUT_LIST!$D$6:$D$1000)-MIN(N(CUT_LIST!$D$6:$D$1000),N(CUT_LIST!$G$6:$G$1000))>0) )>0, ROW(CUT_LIST!$F$6:$F$1000)-ROW(CUT_LIST!$F$6)+1 ), ROWS($F$7:F14) ), "")} -> 8
A15: {=IF($F15="","",INDEX(CUT_LIST!$A$6:$A$1000,$F15))} -> 0 | B15: {=IF($F15="","",INDEX(CUT_LIST!$B$6:$B$1000,$F15))} -> 0 | C15: {=IF($F15="","",INDEX(CUT_LIST!$C$6:$C$1000,$F15))} -> 0 | D15: {=IF($F15="","", IF( TRIM(UPPER(INDEX(CUT_LIST!$F$6:$F$1000,$F15)))="NO", N(INDEX(CUT_LIST!$D$6:$D$1000,$F15)), N(INDEX(CUT_LIST!$D$6:$D$1000,$F15))- MIN( N(INDEX(CUT_LIST!$D$6:$D$1000,$F15)), N(INDEX(CUT_LIST!$G$6:$G$1000,$F15)) ) ) )} -> 0 | F15: {=IFERROR( SMALL( IF( ( (TRIM(UPPER(CUT_LIST!$F$6:$F$1000))="NO") + (TRIM(UPPER(CUT_LIST!$F$6:$F$1000))="YES")* (N(CUT_LIST!$D$6:$D$1000)-MIN(N(CUT_LIST!$D$6:$D$1000),N(CUT_LIST!$G$6:$G$1000))>0) )>0, ROW(CUT_LIST!$F$6:$F$1000)-ROW(CUT_LIST!$F$6)+1 ), ROWS($F$7:F15) ), "")} -> 9
A16: {=IF($F16="","",INDEX(CUT_LIST!$A$6:$A$1000,$F16))} -> 0 | B16: {=IF($F16="","",INDEX(CUT_LIST!$B$6:$B$1000,$F16))} -> 0 | C16: {=IF($F16="","",INDEX(CUT_LIST!$C$6:$C$1000,$F16))} -> 0 | D16: {=IF($F16="","", IF( TRIM(UPPER(INDEX(CUT_LIST!$F$6:$F$1000,$F16)))="NO", N(INDEX(CUT_LIST!$D$6:$D$1000,$F16)), N(INDEX(CUT_LIST!$D$6:$D$1000,$F16))- MIN( N(INDEX(CUT_LIST!$D$6:$D$1000,$F16)), N(INDEX(CUT_LIST!$G$6:$G$1000,$F16)) ) ) )} -> 0 | F16: {=IFERROR( SMALL( IF( ( (TRIM(UPPER(CUT_LIST!$F$6:$F$1000))="NO") + (TRIM(UPPER(CUT_LIST!$F$6:$F$1000))="YES")* (N(CUT_LIST!$D$6:$D$1000)-MIN(N(CUT_LIST!$D$6:$D$1000),N(CUT_LIST!$G$6:$G$1000))>0) )>0, ROW(CUT_LIST!$F$6:$F$1000)-ROW(CUT_LIST!$F$6)+1 ), ROWS($F$7:F16) ), "")} -> 10
A17: {=IF($F17="","",INDEX(CUT_LIST!$A$6:$A$1000,$F17))} -> 0 | B17: {=IF($F17="","",INDEX(CUT_LIST!$B$6:$B$1000,$F17))} -> 0 | C17: {=IF($F17="","",INDEX(CUT_LIST!$C$6:$C$1000,$F17))} -> 0 | D17: {=IF($F17="","", IF( TRIM(UPPER(INDEX(CUT_LIST!$F$6:$F$1000,$F17)))="NO", N(INDEX(CUT_LIST!$D$6:$D$1000,$F17)), N(INDEX(CUT_LIST!$D$6:$D$1000,$F17))- MIN( N(INDEX(CUT_LIST!$D$6:$D$1000,$F17)), N(INDEX(CUT_LIST!$G$6:$G$1000,$F17)) ) ) )} -> 0 | F17: {=IFERROR( SMALL( IF( ( (TRIM(UPPER(CUT_LIST!$F$6:$F$1000))="NO") + (TRIM(UPPER(CUT_LIST!$F$6:$F$1000))="YES")* (N(CUT_LIST!$D$6:$D$1000)-MIN(N(CUT_LIST!$D$6:$D$1000),N(CUT_LIST!$G$6:$G$1000))>0) )>0, ROW(CUT_LIST!$F$6:$F$1000)-ROW(CUT_LIST!$F$6)+1 ), ROWS($F$7:F17) ), "")} -> 11
A18: {=IF($F18="","",INDEX(CUT_LIST!$A$6:$A$1000,$F18))} -> 0 | B18: {=IF($F18="","",INDEX(CUT_LIST!$B$6:$B$1000,$F18))} -> 0 | C18: {=IF($F18="","",INDEX(CUT_LIST!$C$6:$C$1000,$F18))} -> 0 | D18: {=IF($F18="","", IF( TRIM(UPPER(INDEX(CUT_LIST!$F$6:$F$1000,$F18)))="NO", N(INDEX(CUT_LIST!$D$6:$D$1000,$F18)), N(INDEX(CUT_LIST!$D$6:$D$1000,$F18))- MIN( N(INDEX(CUT_LIST!$D$6:$D$1000,$F18)), N(INDEX(CUT_LIST!$G$6:$G$1000,$F18)) ) ) )} -> 0 | F18: {=IFERROR( SMALL( IF( ( (TRIM(UPPER(CUT_LIST!$F$6:$F$1000))="NO") + (TRIM(UPPER(CUT_LIST!$F$6:$F$1000))="YES")* (N(CUT_LIST!$D$6:$D$1000)-MIN(N(CUT_LIST!$D$6:$D$1000),N(CUT_LIST!$G$6:$G$1000))>0) )>0, ROW(CUT_LIST!$F$6:$F$1000)-ROW(CUT_LIST!$F$6)+1 ), ROWS($F$7:F18) ), "")} -> 12
... A1045: {=IF($F1045="","",INDEX(CUT_LIST!$A$6:$A$1000,$F1045))} | B1045: {=IF($F1045="","",INDEX(CUT_LIST!$B$6:$B$1000,$F1045))} | C1045: {=IF($F1045="","",INDEX(CUT_LIST!$C$6:$C$1000,$F1045))} | D1045: {=IF($F1045="","", IF( TRIM(UPPER(INDEX(CUT_LIST!$F$6:$F$1000,$F1045)))="NO", N(INDEX(CUT_LIST!$D$6:$D$1000,$F1045)), N(INDEX(CUT_LIST!$D$6:$D$1000,$F1045))- MIN( N(INDEX(CUT_LIST!$D$6:$D$1000,$F1045)), N(INDEX(CUT_LIST!$G$6:$G$1000,$F1045)) ) ) )} | F1045: {=IFERROR( SMALL( IF( ( (TRIM(UPPER(CUT_LIST!$F$6:$F$1000))="NO") + (TRIM(UPPER(CUT_LIST!$F$6:$F$1000))="YES")* (N(CUT_LIST!$D$6:$D$1000)-MIN(N(CUT_LIST!$D$6:$D$1000),N(CUT_LIST!$G$6:$G$1000))>0) )>0, ROW(CUT_LIST!$F$6:$F$1000)-ROW(CUT_LIST!$F$6)+1 ), ROWS($F$7:F1045) ), "")}
A1046: {=IF($F1046="","",INDEX(CUT_LIST!$A$2:$A$1000,$F1046))} | B1046: {=IF($F1046="","",INDEX(CUT_LIST!$B$2:$B$1000,$F1046))} | C1046: {=IF($F1046="","",INDEX(CUT_LIST!$C$2:$C$1000,$F1046))} | D1046: {=IF($F1046="","",INDEX(CUT_LIST!$D$2:$D$1000,$F1046))} | F1046: {=IFERROR(SMALL(IF(CUT_LIST!$F$2:$F$1000="NO",ROW(CUT_LIST!$F$2:$F$1000)-ROW(CUT_LIST!$F$2)+1),ROWS($F$7:F1046)),"")}
A1047: {=IF($F1047="","",INDEX(CUT_LIST!$A$2:$A$1000,$F1047))} | B1047: {=IF($F1047="","",INDEX(CUT_LIST!$B$2:$B$1000,$F1047))} | C1047: {=IF($F1047="","",INDEX(CUT_LIST!$C$2:$C$1000,$F1047))} | D1047: {=IF($F1047="","",INDEX(CUT_LIST!$D$2:$D$1000,$F1047))} | F1047: {=IFERROR(SMALL(IF(CUT_LIST!$F$2:$F$1000="NO",ROW(CUT_LIST!$F$2:$F$1000)-ROW(CUT_LIST!$F$2)+1),ROWS($F$7:F1047)),"")}
A1048: {=IF($F1048="","",INDEX(CUT_LIST!$A$2:$A$1000,$F1048))} | B1048: {=IF($F1048="","",INDEX(CUT_LIST!$B$2:$B$1000,$F1048))} | C1048: {=IF($F1048="","",INDEX(CUT_LIST!$C$2:$C$1000,$F1048))} | D1048: {=IF($F1048="","",INDEX(CUT_LIST!$D$2:$D$1000,$F1048))} | F1048: {=IFERROR(SMALL(IF(CUT_LIST!$F$2:$F$1000="NO",ROW(CUT_LIST!$F$2:$F$1000)-ROW(CUT_LIST!$F$2)+1),ROWS($F$7:F1048)),"")}
A1049: {=IF($F1049="","",INDEX(CUT_LIST!$A$2:$A$1000,$F1049))} | B1049: {=IF($F1049="","",INDEX(CUT_LIST!$B$2:$B$1000,$F1049))} | C1049: {=IF($F1049="","",INDEX(CUT_LIST!$C$2:$C$1000,$F1049))} | D1049: {=IF($F1049="","",INDEX(CUT_LIST!$D$2:$D$1000,$F1049))} | F1049: {=IFERROR(SMALL(IF(CUT_LIST!$F$2:$F$1000="NO",ROW(CUT_LIST!$F$2:$F$1000)-ROW(CUT_LIST!$F$2)+1),ROWS($F$7:F1049)),"")}
A1050: {=IF($F1050="","",INDEX(CUT_LIST!$A$2:$A$1000,$F1050))} | B1050: {=IF($F1050="","",INDEX(CUT_LIST!$B$2:$B$1000,$F1050))} | C1050: {=IF($F1050="","",INDEX(CUT_LIST!$C$2:$C$1000,$F1050))} | D1050: {=IF($F1050="","",INDEX(CUT_LIST!$D$2:$D$1000,$F1050))} | F1050: {=IFERROR(SMALL(IF(CUT_LIST!$F$2:$F$1000="NO",ROW(CUT_LIST!$F$2:$F$1000)-ROW(CUT_LIST!$F$2)+1),ROWS($F$7:F1050)),"")}
A1051: {=IF($F1051="","",INDEX(CUT_LIST!$A$2:$A$1000,$F1051))} | B1051: {=IF($F1051="","",INDEX(CUT_LIST!$B$2:$B$1000,$F1051))} | C1051: {=IF($F1051="","",INDEX(CUT_LIST!$C$2:$C$1000,$F1051))} | D1051: {=IF($F1051="","",INDEX(CUT_LIST!$D$2:$D$1000,$F1051))} | F1051: {=IFERROR(SMALL(IF(CUT_LIST!$F$2:$F$1000="NO",ROW(CUT_LIST!$F$2:$F$1000)-ROW(CUT_LIST!$F$2)+1),ROWS($F$7:F1051)),"")}
A1052: {=IF($F1052="","",INDEX(CUT_LIST!$A$2:$A$1000,$F1052))} | B1052: {=IF($F1052="","",INDEX(CUT_LIST!$B$2:$B$1000,$F1052))} | C1052: {=IF($F1052="","",INDEX(CUT_LIST!$C$2:$C$1000,$F1052))} | D1052: {=IF($F1052="","",INDEX(CUT_LIST!$D$2:$D$1000,$F1052))} | F1052: {=IFERROR(SMALL(IF(CUT_LIST!$F$2:$F$1000="NO",ROW(CUT_LIST!$F$2:$F$1000)-ROW(CUT_LIST!$F$2)+1),ROWS($F$7:F1052)),"")}
A1053: {=IF($F1053="","",INDEX(CUT_LIST!$A$2:$A$1000,$F1053))} | B1053: {=IF($F1053="","",INDEX(CUT_LIST!$B$2:$B$1000,$F1053))} | C1053: {=IF($F1053="","",INDEX(CUT_LIST!$C$2:$C$1000,$F1053))} | D1053: {=IF($F1053="","",INDEX(CUT_LIST!$D$2:$D$1000,$F1053))} | F1053: {=IFERROR(SMALL(IF(CUT_LIST!$F$2:$F$1000="NO",ROW(CUT_LIST!$F$2:$F$1000)-ROW(CUT_LIST!$F$2)+1),ROWS($F$7:F1053)),"")}
A1054: {=IF($F1054="","",INDEX(CUT_LIST!$A$2:$A$1000,$F1054))} | B1054: {=IF($F1054="","",INDEX(CUT_LIST!$B$2:$B$1000,$F1054))} | C1054: {=IF($F1054="","",INDEX(CUT_LIST!$C$2:$C$1000,$F1054))} | D1054: {=IF($F1054="","",INDEX(CUT_LIST!$D$2:$D$1000,$F1054))} | F1054: {=IFERROR(SMALL(IF(CUT_LIST!$F$2:$F$1000="NO",ROW(CUT_LIST!$F$2:$F$1000)-ROW(CUT_LIST!$F$2)+1),ROWS($F$7:F1054)),"")}
A1055: {=IF($F1055="","",INDEX(CUT_LIST!$A$2:$A$1000,$F1055))} | B1055: {=IF($F1055="","",INDEX(CUT_LIST!$B$2:$B$1000,$F1055))} | C1055: {=IF($F1055="","",INDEX(CUT_LIST!$C$2:$C$1000,$F1055))} | D1055: {=IF($F1055="","",INDEX(CUT_LIST!$D$2:$D$1000,$F1055))} | F1055: {=IFERROR(SMALL(IF(CUT_LIST!$F$2:$F$1000="NO",ROW(CUT_LIST!$F$2:$F$1000)-ROW(CUT_LIST!$F$2)+1),ROWS($F$7:F1055)),"")}
A1056: {=IF($F1056="","",INDEX(CUT_LIST!$A$2:$A$1000,$F1056))} | B1056: {=IF($F1056="","",INDEX(CUT_LIST!$B$2:$B$1000,$F1056))} | C1056: {=IF($F1056="","",INDEX(CUT_LIST!$C$2:$C$1000,$F1056))} | D1056: {=IF($F1056="","",INDEX(CUT_LIST!$D$2:$D$1000,$F1056))} | F1056: {=IFERROR(SMALL(IF(CUT_LIST!$F$2:$F$1000="NO",ROW(CUT_LIST!$F$2:$F$1000)-ROW(CUT_LIST!$F$2)+1),ROWS($F$7:F1056)),"")}
A1057: {=IF($F1057="","",INDEX(CUT_LIST!$A$2:$A$1000,$F1057))} | B1057: {=IF($F1057="","",INDEX(CUT_LIST!$B$2:$B$1000,$F1057))} | C1057: {=IF($F1057="","",INDEX(CUT_LIST!$C$2:$C$1000,$F1057))} | D1057: {=IF($F1057="","",INDEX(CUT_LIST!$D$2:$D$1000,$F1057))} | F1057: {=IFERROR(SMALL(IF(CUT_LIST!$F$2:$F$1000="NO",ROW(CUT_LIST!$F$2:$F$1000)-ROW(CUT_LIST!$F$2)+1),ROWS($F$7:F1057)),"")}
... A1068: {=IF($F1068="","",INDEX(CUT_LIST!$A$2:$A$1000,$F1068))} | B1068: {=IF($F1068="","",INDEX(CUT_LIST!$B$2:$B$1000,$F1068))} | C1068: {=IF($F1068="","",INDEX(CUT_LIST!$C$2:$C$1000,$F1068))} | D1068: {=IF($F1068="","",INDEX(CUT_LIST!$D$2:$D$1000,$F1068))} | F1068: {=IFERROR(SMALL(IF(CUT_LIST!$F$2:$F$1000="NO",ROW(CUT_LIST!$F$2:$F$1000)-ROW(CUT_LIST!$F$2)+1),ROWS($F$7:F1068)),"")}
B1069: {=IF($F1069="","",INDEX(CUT_LIST!$B$2:$B$1000,$F1069))} | C1069: {=IF($F1069="","",INDEX(CUT_LIST!$C$2:$C$1000,$F1069))} | D1069: {=IF($F1069="","",INDEX(CUT_LIST!$D$2:$D$1000,$F1069))} | F1069: {=IFERROR(SMALL(IF(CUT_LIST!$F$2:$F$1000="NO",ROW(CUT_LIST!$F$2:$F$1000)-ROW(CUT_LIST!$F$2)+1),ROWS($F$7:F1069)),"")}
B1070: {=IF($F1070="","",INDEX(CUT_LIST!$B$2:$B$1000,$F1070))} | C1070: {=IF($F1070="","",INDEX(CUT_LIST!$C$2:$C$1000,$F1070))} | D1070: {=IF($F1070="","",INDEX(CUT_LIST!$D$2:$D$1000,$F1070))} | F1070: {=IFERROR(SMALL(IF(CUT_LIST!$F$2:$F$1000="NO",ROW(CUT_LIST!$F$2:$F$1000)-ROW(CUT_LIST!$F$2)+1),ROWS($F$7:F1070)),"")}
B1071: {=IF($F1071="","",INDEX(CUT_LIST!$B$2:$B$1000,$F1071))} | C1071: {=IF($F1071="","",INDEX(CUT_LIST!$C$2:$C$1000,$F1071))} | D1071: {=IF($F1071="","",INDEX(CUT_LIST!$D$2:$D$1000,$F1071))} | F1071: {=IFERROR(SMALL(IF(CUT_LIST!$F$2:$F$1000="NO",ROW(CUT_LIST!$F$2:$F$1000)-ROW(CUT_LIST!$F$2)+1),ROWS($F$7:F1071)),"")}
B1072: {=IF($F1072="","",INDEX(CUT_LIST!$B$2:$B$1000,$F1072))} | C1072: {=IF($F1072="","",INDEX(CUT_LIST!$C$2:$C$1000,$F1072))} | D1072: {=IF($F1072="","",INDEX(CUT_LIST!$D$2:$D$1000,$F1072))} | F1072: {=IFERROR(SMALL(IF(CUT_LIST!$F$2:$F$1000="NO",ROW(CUT_LIST!$F$2:$F$1000)-ROW(CUT_LIST!$F$2)+1),ROWS($F$7:F1072)),"")}
B1073: {=IF($F1073="","",INDEX(CUT_LIST!$B$2:$B$1000,$F1073))} | C1073: {=IF($F1073="","",INDEX(CUT_LIST!$C$2:$C$1000,$F1073))} | D1073: {=IF($F1073="","",INDEX(CUT_LIST!$D$2:$D$1000,$F1073))} | F1073: {=IFERROR(SMALL(IF(CUT_LIST!$F$2:$F$1000="NO",ROW(CUT_LIST!$F$2:$F$1000)-ROW(CUT_LIST!$F$2)+1),ROWS($F$7:F1073)),"")}
B1074: {=IF($F1074="","",INDEX(CUT_LIST!$B$2:$B$1000,$F1074))} | C1074: {=IF($F1074="","",INDEX(CUT_LIST!$C$2:$C$1000,$F1074))} | D1074: {=IF($F1074="","",INDEX(CUT_LIST!$D$2:$D$1000,$F1074))} | F1074: {=IFERROR(SMALL(IF(CUT_LIST!$F$2:$F$1000="NO",ROW(CUT_LIST!$F$2:$F$1000)-ROW(CUT_LIST!$F$2)+1),ROWS($F$7:F1074)),"")}
B1075: {=IF($F1075="","",INDEX(CUT_LIST!$B$2:$B$1000,$F1075))} | C1075: {=IF($F1075="","",INDEX(CUT_LIST!$C$2:$C$1000,$F1075))} | D1075: {=IF($F1075="","",INDEX(CUT_LIST!$D$2:$D$1000,$F1075))} | F1075: {=IFERROR(SMALL(IF(CUT_LIST!$F$2:$F$1000="NO",ROW(CUT_LIST!$F$2:$F$1000)-ROW(CUT_LIST!$F$2)+1),ROWS($F$7:F1075)),"")}
B1076: {=IF($F1076="","",INDEX(CUT_LIST!$B$2:$B$1000,$F1076))} | C1076: {=IF($F1076="","",INDEX(CUT_LIST!$C$2:$C$1000,$F1076))} | D1076: {=IF($F1076="","",INDEX(CUT_LIST!$D$2:$D$1000,$F1076))} | F1076: {=IFERROR(SMALL(IF(CUT_LIST!$F$2:$F$1000="NO",ROW(CUT_LIST!$F$2:$F$1000)-ROW(CUT_LIST!$F$2)+1),ROWS($F$7:F1076)),"")}
B1077: {=IF($F1077="","",INDEX(CUT_LIST!$B$2:$B$1000,$F1077))} | C1077: {=IF($F1077="","",INDEX(CUT_LIST!$C$2:$C$1000,$F1077))} | D1077: {=IF($F1077="","",INDEX(CUT_LIST!$D$2:$D$1000,$F1077))} | F1077: {=IFERROR(SMALL(IF(CUT_LIST!$F$2:$F$1000="NO",ROW(CUT_LIST!$F$2:$F$1000)-ROW(CUT_LIST!$F$2)+1),ROWS($F$7:F1077)),"")}
B1078: {=IF($F1078="","",INDEX(CUT_LIST!$B$2:$B$1000,$F1078))} | C1078: {=IF($F1078="","",INDEX(CUT_LIST!$C$2:$C$1000,$F1078))} | D1078: {=IF($F1078="","",INDEX(CUT_LIST!$D$2:$D$1000,$F1078))} | F1078: {=IFERROR(SMALL(IF(CUT_LIST!$F$2:$F$1000="NO",ROW(CUT_LIST!$F$2:$F$1000)-ROW(CUT_LIST!$F$2)+1),ROWS($F$7:F1078)),"")}
B1079: {=IF($F1079="","",INDEX(CUT_LIST!$B$2:$B$1000,$F1079))} | C1079: {=IF($F1079="","",INDEX(CUT_LIST!$C$2:$C$1000,$F1079))} | D1079: {=IF($F1079="","",INDEX(CUT_LIST!$D$2:$D$1000,$F1079))} | F1079: {=IFERROR(SMALL(IF(CUT_LIST!$F$2:$F$1000="NO",ROW(CUT_LIST!$F$2:$F$1000)-ROW(CUT_LIST!$F$2)+1),ROWS($F$7:F1079)),"")}
B1080: {=IF($F1080="","",INDEX(CUT_LIST!$B$2:$B$1000,$F1080))} | C1080: {=IF($F1080="","",INDEX(CUT_LIST!$C$2:$C$1000,$F1080))} | D1080: {=IF($F1080="","",INDEX(CUT_LIST!$D$2:$D$1000,$F1080))} | F1080: {=IFERROR(SMALL(IF(CUT_LIST!$F$2:$F$1000="NO",ROW(CUT_LIST!$F$2:$F$1000)-ROW(CUT_LIST!$F$2)+1),ROWS($F$7:F1080)),"")}

Sheet PROFILE COST
A1: PROJECT NAME: | B1: =CUT_LIST!B1 -> 0
A2: DATE: | B2: =CUT_LIST!B2 -> 0
A4: POFILE CODE | B4: PROFILE WEIGHT | C4: TOTAL LENGTHS REQUIRED | D4: LENGTH SIZE (MM) | E4: TOTAL WEIGHT | F4: COST PER KG | G4: TOTAL COST | J4: COST PER KG
A5: =SUMMARY!A6 | B5: =IFERROR(INDEX('WEIGHT CATALOGUE'!D:D, MATCH(A5,'WEIGHT CATALOGUE'!B:B, 0)), "Not Found") -> Not Found | C5: =IFERROR(INDEX(SUMMARY!C:C, MATCH(A5, SUMMARY!A:A, 0)), 0) -> 0 | D5: =SUMMARY!$G$6 -> 6400 | E5: =B5*C5*(D5/1000) -> #VALUE! | F5: =$J$5 -> 675 | G5: =E5*F5 -> #VALUE! | J5: 675
A6: =SUMMARY!A7 | B6: =IFERROR(INDEX('WEIGHT CATALOGUE'!D:D, MATCH(A6,'WEIGHT CATALOGUE'!B:B, 0)), "Not Found") -> Not Found | C6: =IFERROR(INDEX(SUMMARY!C:C, MATCH(A6, SUMMARY!A:A, 0)), 0) -> 0 | D6: =SUMMARY!$G$6 -> 6400 | E6: =B6*C6*(D6/1000) -> #VALUE! | F6: =$J$5 -> 675 | G6: =E6*F6 -> #VALUE!
A7: =SUMMARY!A8 | B7: =IFERROR(INDEX('WEIGHT CATALOGUE'!D:D, MATCH(A7,'WEIGHT CATALOGUE'!B:B, 0)), "Not Found") -> Not Found | C7: =IFERROR(INDEX(SUMMARY!C:C, MATCH(A7, SUMMARY!A:A, 0)), 0) -> 0 | D7: =SUMMARY!$G$6 -> 6400 | E7: =B7*C7*(D7/1000) -> #VALUE! | F7: =$J$5 -> 675 | G7: =E7*F7 -> #VALUE!
A8: =SUMMARY!A9 | B8: =IFERROR(INDEX('WEIGHT CATALOGUE'!D:D, MATCH(A8,'WEIGHT CATALOGUE'!B:B, 0)), "Not Found") -> Not Found | C8: =IFERROR(INDEX(SUMMARY!C:C, MATCH(A8, SUMMARY!A:A, 0)), 0) -> 0 | D8: =SUMMARY!$G$6 -> 6400 | E8: =B8*C8*(D8/1000) -> #VALUE! | F8: =$J$5 -> 675 | G8: =E8*F8 -> #VALUE!
A9: =SUMMARY!A10 | B9: =IFERROR(INDEX('WEIGHT CATALOGUE'!D:D, MATCH(A9,'WEIGHT CATALOGUE'!B:B, 0)), "Not Found") -> Not Found | C9: =IFERROR(INDEX(SUMMARY!C:C, MATCH(A9, SUMMARY!A:A, 0)), 0) -> 0 | D9: =SUMMARY!$G$6 -> 6400 | E9: =B9*C9*(D9/1000) -> #VALUE! | F9: =$J$5 -> 675 | G9: =E9*F9 -> #VALUE!
A10: =SUMMARY!A11 | B10: =IFERROR(INDEX('WEIGHT CATALOGUE'!D:D, MATCH(A10,'WEIGHT CATALOGUE'!B:B, 0)), "Not Found") -> Not Found | C10: =IFERROR(INDEX(SUMMARY!C:C, MATCH(A10, SUMMARY!A:A, 0)), 0) -> 0 | D10: =SUMMARY!$G$6 -> 6400 | E10: =B10*C10*(D10/1000) -> #VALUE! | F10: =$J$5 -> 675 | G10: =E10*F10 -> #VALUE!
A11: =SUMMARY!A12 | B11: =IFERROR(INDEX('WEIGHT CATALOGUE'!D:D, MATCH(A11,'WEIGHT CATALOGUE'!B:B, 0)), "Not Found") -> Not Found | C11: =IFERROR(INDEX(SUMMARY!C:C, MATCH(A11, SUMMARY!A:A, 0)), 0) -> 0 | D11: =SUMMARY!$G$6 -> 6400 | E11: =B11*C11*(D11/1000) -> #VALUE! | F11: =$J$5 -> 675 | G11: =E11*F11 -> #VALUE!
A12: =SUMMARY!A13 | B12: =IFERROR(INDEX('WEIGHT CATALOGUE'!D:D, MATCH(A12,'WEIGHT CATALOGUE'!B:B, 0)), "Not Found") -> Not Found | C12: =IFERROR(INDEX(SUMMARY!C:C, MATCH(A12, SUMMARY!A:A, 0)), 0) -> 0 | D12: =SUMMARY!$G$6 -> 6400 | E12: =B12*C12*(D12/1000) -> #VALUE! | F12: =$J$5 -> 675 | G12: =E12*F12 -> #VALUE!
A13: =SUMMARY!A14 | B13: =IFERROR(INDEX('WEIGHT CATALOGUE'!D:D, MATCH(A13,'WEIGHT CATALOGUE'!B:B, 0)), "Not Found") -> Not Found | C13: =IFERROR(INDEX(SUMMARY!C:C, MATCH(A13, SUMMARY!A:A, 0)), 0) -> 0 | D13: =SUMMARY!$G$6 -> 6400 | E13: =B13*C13*(D13/1000) -> #VALUE! | F13: =$J$5 -> 675 | G13: =E13*F13 -> #VALUE!
A14: =SUMMARY!A15 | B14: =IFERROR(INDEX('WEIGHT CATALOGUE'!D:D, MATCH(A14,'WEIGHT CATALOGUE'!B:B, 0)), "Not Found") -> Not Found | C14: =IFERROR(INDEX(SUMMARY!C:C, MATCH(A14, SUMMARY!A:A, 0)), 0) -> 0 | D14: =SUMMARY!$G$6 -> 6400 | E14: =B14*C14*(D14/1000) -> #VALUE! | F14: =$J$5 -> 675 | G14: =E14*F14 -> #VALUE!
A15: =SUMMARY!A16 | B15: =IFERROR(INDEX('WEIGHT CATALOGUE'!D:D, MATCH(A15,'WEIGHT CATALOGUE'!B:B, 0)), "Not Found") -> Not Found | C15: =IFERROR(INDEX(SUMMARY!C:C, MATCH(A15, SUMMARY!A:A, 0)), 0) -> 0 | D15: =SUMMARY!$G$6 -> 6400 | E15: =B15*C15*(D15/1000) -> #VALUE! | F15: =$J$5 -> 675 | G15: =E15*F15 -> #VALUE!
A16: =SUMMARY!A17 | B16: =IFERROR(INDEX('WEIGHT CATALOGUE'!D:D, MATCH(A16,'WEIGHT CATALOGUE'!B:B, 0)), "Not Found") -> Not Found | C16: =IFERROR(INDEX(SUMMARY!C:C, MATCH(A16, SUMMARY!A:A, 0)), 0) -> 0 | D16: =SUMMARY!$G$6 -> 6400 | E16: =B16*C16*(D16/1000) -> #VALUE! | F16: =$J$5 -> 675 | G16: =E16*F16 -> #VALUE!
A17: =SUMMARY!A18 | B17: =IFERROR(INDEX('WEIGHT CATALOGUE'!D:D, MATCH(A17,'WEIGHT CATALOGUE'!B:B, 0)), "Not Found") -> Not Found | C17: =IFERROR(INDEX(SUMMARY!C:C, MATCH(A17, SUMMARY!A:A, 0)), 0) -> 0 | D17: =SUMMARY!$G$6 -> 6400 | E17: =B17*C17*(D17/1000) -> #VALUE! | F17: =$J$5 -> 675 | G17: =E17*F17 -> #VALUE!
... A24: =SUMMARY!A25 | B24: =IFERROR(INDEX('WEIGHT CATALOGUE'!D:D, MATCH(A24,'WEIGHT CATALOGUE'!B:B, 0)), "Not Found") -> Not Found | C24: =IFERROR(INDEX(SUMMARY!C:C, MATCH(A24, SUMMARY!A:A, 0)), 0) -> 0 | D24: =SUMMARY!$G$6 -> 6400 | E24: =B24*C24*(D24/1000) -> #VALUE! | F24: =$J$5 -> 675 | G24: =E24*F24 -> #VALUE!
A25: MANUAL CALCULATION
A26: =SUMMARY!A28 -> 0 | B26: =IFERROR(INDEX('WEIGHT CATALOGUE'!D:D, MATCH(A26,'WEIGHT CATALOGUE'!B:B, 0)), "Not Found") -> Not Found | C26: =SUMMARY!C28 -> 0 | D26: =SUMMARY!B28 -> 6400 | E26: =B26*C26*(D26/1000) -> #VALUE! | F26: =$J$5 -> 675 | G26: =E26*F26 -> #VALUE!
A27: =SUMMARY!A29 -> 0 | B27: =IFERROR(INDEX('WEIGHT CATALOGUE'!D:D, MATCH(A27,'WEIGHT CATALOGUE'!B:B, 0)), "Not Found") -> Not Found | C27: =SUMMARY!C29 -> 0 | D27: =SUMMARY!$G$6 -> 6400 | E27: =B27*C27*(D27/1000) -> #VALUE! | F27: =$J$5 -> 675 | G27: =E27*F27 -> #VALUE!
A28: =SUMMARY!A30 -> 0 | B28: =IFERROR(INDEX('WEIGHT CATALOGUE'!D:D, MATCH(A28,'WEIGHT CATALOGUE'!B:B, 0)), "Not Found") -> Not Found | C28: =SUMMARY!C30 -> 0 | D28: =SUMMARY!$G$6 -> 6400 | E28: =B28*C28*(D28/1000) -> #VALUE! | F28: =$J$5 -> 675 | G28: =E28*F28 -> #VALUE!
A29: =SUMMARY!A31 -> 0 | B29: =IFERROR(INDEX('WEIGHT CATALOGUE'!D:D, MATCH(A29,'WEIGHT CATALOGUE'!B:B, 0)), "Not Found") -> Not Found | C29: =SUMMARY!C31 -> 0 | D29: =SUMMARY!$G$6 -> 6400 | E29: =B29*C29*(D29/1000) -> #VALUE! | F29: =$J$5 -> 675 | G29: =E29*F29 -> #VALUE!
A30: =SUMMARY!A32 -> 0 | B30: =IFERROR(INDEX('WEIGHT CATALOGUE'!D:D, MATCH(A30,'WEIGHT CATALOGUE'!B:B, 0)), "Not Found") -> Not Found | C30: =SUMMARY!C32 -> 0 | D30: =SUMMARY!$G$6 -> 6400 | E30: =B30*C30*(D30/1000) -> #VALUE! | F30: =$J$5 -> 675 | G30: =E30*F30 -> #VALUE!
A31: =SUMMARY!A33 -> 0 | B31: =IFERROR(INDEX('WEIGHT CATALOGUE'!D:D, MATCH(A31,'WEIGHT CATALOGUE'!B:B, 0)), "Not Found") -> Not Found | C31: =SUMMARY!C33 -> 0 | D31: =SUMMARY!$G$6 -> 6400 | E31: =B31*C31*(D31/1000) -> #VALUE! | F31: =$J$5 -> 675 | G31: =E31*F31 -> #VALUE!
A32: =SUMMARY!A34 -> 0 | B32: =IFERROR(INDEX('WEIGHT CATALOGUE'!D:D, MATCH(A32,'WEIGHT CATALOGUE'!B:B, 0)), "Not Found") -> Not Found | C32: =SUMMARY!C34 -> 0 | D32: =SUMMARY!$G$6 -> 6400 | E32: =B32*C32*(D32/1000) -> #VALUE! | F32: =$J$5 -> 675 | G32: =E32*F32 -> #VALUE!
A33: =SUMMARY!A35 -> 0 | B33: =IFERROR(INDEX('WEIGHT CATALOGUE'!D:D, MATCH(A33,'WEIGHT CATALOGUE'!B:B, 0)), "Not Found") -> Not Found | C33: =SUMMARY!C35 -> 0 | D33: =SUMMARY!$G$6 -> 6400 | E33: =B33*C33*(D33/1000) -> #VALUE! | F33: =$J$5 -> 675 | G33: =E33*F33 -> #VALUE!
A34: =SUMMARY!A36 -> 0 | B34: =IFERROR(INDEX('WEIGHT CATALOGUE'!D:D, MATCH(A34,'WEIGHT CATALOGUE'!B:B, 0)), "Not Found") -> Not Found | C34: =SUMMARY!C36 -> 0 | D34: =SUMMARY!$G$6 -> 6400 | E34: =B34*C34*(D34/1000) -> #VALUE! | F34: =$J$5 -> 675 | G34: =E34*F34 -> #VALUE!
A35: =SUMMARY!A37 -> 0 | B35: =IFERROR(INDEX('WEIGHT CATALOGUE'!D:D, MATCH(A35,'WEIGHT CATALOGUE'!B:B, 0)), "Not Found") -> Not Found | C35: =SUMMARY!C37 -> 0 | D35: =SUMMARY!$G$6 -> 6400 | E35: =B35*C35*(D35/1000) -> #VALUE! | F35: =$J$5 -> 675 | G35: =E35*F35 -> #VALUE!
A36: =SUMMARY!A38 -> 0 | B36: =IFERROR(INDEX('WEIGHT CATALOGUE'!D:D, MATCH(A36,'WEIGHT CATALOGUE'!B:B, 0)), "Not Found") -> Not Found | C36: =SUMMARY!C38 -> 0 | D36: =SUMMARY!$G$6 -> 6400 | E36: =B36*C36*(D36/1000) -> #VALUE! | F36: =$J$5 -> 675 | G36: =E36*F36 -> #VALUE!
A37: =SUMMARY!A39 -> 0 | B37: =IFERROR(INDEX('WEIGHT CATALOGUE'!D:D, MATCH(A37,'WEIGHT CATALOGUE'!B:B, 0)), "Not Found") -> Not Found | C37: =SUMMARY!C39 -> 0 | D37: =SUMMARY!$G$6 -> 6400 | E37: =B37*C37*(D37/1000) -> #VALUE! | F37: =$J$5 -> 675 | G37: =E37*F37 -> #VALUE!
A38: =SUMMARY!A40 -> 0 | B38: =IFERROR(INDEX('WEIGHT CATALOGUE'!D:D, MATCH(A38,'WEIGHT CATALOGUE'!B:B, 0)), "Not Found") -> Not Found | C38: =SUMMARY!C40 -> 0 | D38: =SUMMARY!$G$6 -> 6400 | E38: =B38*C38*(D38/1000) -> #VALUE! | F38: =$J$5 -> 675 | G38: =E38*F38 -> #VALUE!
... A45: =SUMMARY!A47 -> 0 | B45: =IFERROR(INDEX('WEIGHT CATALOGUE'!D:D, MATCH(A45,'WEIGHT CATALOGUE'!B:B, 0)), "Not Found") -> Not Found | C45: =SUMMARY!C47 -> 0 | D45: =SUMMARY!$G$6 -> 6400 | E45: =B45*C45*(D45/1000) -> #VALUE! | F45: =$J$5 -> 675 | G45: =E45*F45 -> #VALUE!
D46: TOTAL WEIGHT | E46: =_xlfn.AGGREGATE(9,6,E5:E45) -> 0 | F46: TOTAL COST | G46: =_xlfn.AGGREGATE(9,6,G5:G45) -> 0

Sheet LPO
A2: PURCHASE ORDER
A4: ALI FABRICATION SOLUTIONS LTD
A5: 21, FORTIS INDSUTRIAL PARK, SYOKIMAU
A6: Nairobi, Kenya. | D6: DATE | E6: =TODAY() -> 46082
A7: +254 707 020 989 | D7: PO # | E7: 03102501
A8: INFO.ALIFAB@GMAIL.COM
A10: VENDOR | C10: ATTN:
A11: M/S ALUMETAL COATINGS LTD | C11: AVKASH / JACOB / PANKAJ
A18: QTY | B18: PROFILE | C18: LENGTH | D18: UNIT PRICE | E18: TOTAL
A19: [LENGTHS]
A20: OWNERS SECTIONS TO POWDERCOAT | C20: =CUT_LIST!B3 -> 0
A21: =IF(AND('PROFILE COST'!C5<>"",'PROFILE COST'!C5<>0),'PROFILE COST'!C5,"") | B21: =IF(AND('PROFILE COST'!A5<>"",'PROFILE COST'!A5<>0),'PROFILE COST'!A5,"") | C21: =IF(AND('PROFILE COST'!D5<>"",'PROFILE COST'!D5<>0),'PROFILE COST'!D5,"") -> 6400
A22: =IF(AND('PROFILE COST'!C6<>"",'PROFILE COST'!C6<>0),'PROFILE COST'!C6,"") | B22: =IF(AND('PROFILE COST'!A6<>"",'PROFILE COST'!A6<>0),'PROFILE COST'!A6,"") | C22: =IF(AND('PROFILE COST'!D6<>"",'PROFILE COST'!D6<>0),'PROFILE COST'!D6,"") -> 6400
A23: =IF(AND('PROFILE COST'!C7<>"",'PROFILE COST'!C7<>0),'PROFILE COST'!C7,"") | B23: =IF(AND('PROFILE COST'!A7<>"",'PROFILE COST'!A7<>0),'PROFILE COST'!A7,"") | C23: =IF(AND('PROFILE COST'!D7<>"",'PROFILE COST'!D7<>0),'PROFILE COST'!D7,"") -> 6400
A24: =IF(AND('PROFILE COST'!C8<>"",'PROFILE COST'!C8<>0),'PROFILE COST'!C8,"") | B24: =IF(AND('PROFILE COST'!A8<>"",'PROFILE COST'!A8<>0),'PROFILE COST'!A8,"") | C24: =IF(AND('PROFILE COST'!D8<>"",'PROFILE COST'!D8<>0),'PROFILE COST'!D8,"") -> 6400
A25: =IF(AND('PROFILE COST'!C9<>"",'PROFILE COST'!C9<>0),'PROFILE COST'!C9,"") | B25: =IF(AND('PROFILE COST'!A9<>"",'PROFILE COST'!A9<>0),'PROFILE COST'!A9,"") | C25: =IF(AND('PROFILE COST'!D9<>"",'PROFILE COST'!D9<>0),'PROFILE COST'!D9,"") -> 6400
A26: =IF(AND('PROFILE COST'!C10<>"",'PROFILE COST'!C10<>0),'PROFILE COST'!C10,"") | B26: =IF(AND('PROFILE COST'!A10<>"",'PROFILE COST'!A10<>0),'PROFILE COST'!A10,"") | C26: =IF(AND('PROFILE COST'!D10<>"",'PROFILE COST'!D10<>0),'PROFILE COST'!D10,"") -> 6400
A27: =IF(AND('PROFILE COST'!C11<>"",'PROFILE COST'!C11<>0),'PROFILE COST'!C11,"") | B27: =IF(AND('PROFILE COST'!A11<>"",'PROFILE COST'!A11<>0),'PROFILE COST'!A11,"") | C27: =IF(AND('PROFILE COST'!D11<>"",'PROFILE COST'!D11<>0),'PROFILE COST'!D11,"") -> 6400
A28: =IF(AND('PROFILE COST'!C12<>"",'PROFILE COST'!C12<>0),'PROFILE COST'!C12,"") | B28: =IF(AND('PROFILE COST'!A12<>"",'PROFILE COST'!A12<>0),'PROFILE COST'!A12,"") | C28: =IF(AND('PROFILE COST'!D12<>"",'PROFILE COST'!D12<>0),'PROFILE COST'!D12,"") -> 6400
A29: =IF(AND('PROFILE COST'!C13<>"",'PROFILE COST'!C13<>0),'PROFILE COST'!C13,"") | B29: =IF(AND('PROFILE COST'!A13<>"",'PROFILE COST'!A13<>0),'PROFILE COST'!A13,"") | C29: =IF(AND('PROFILE COST'!D13<>"",'PROFILE COST'!D13<>0),'PROFILE COST'!D13,"") -> 6400
A30: =IF(AND('PROFILE COST'!C14<>"",'PROFILE COST'!C14<>0),'PROFILE COST'!C14,"") | B30: =IF(AND('PROFILE COST'!A14<>"",'PROFILE COST'!A14<>0),'PROFILE COST'!A14,"") | C30: =IF(AND('PROFILE COST'!D14<>"",'PROFILE COST'!D14<>0),'PROFILE COST'!D14,"") -> 6400
A31: =IF(AND('PROFILE COST'!C15<>"",'PROFILE COST'!C15<>0),'PROFILE COST'!C15,"") | B31: =IF(AND('PROFILE COST'!A15<>"",'PROFILE COST'!A15<>0),'PROFILE COST'!A15,"") | C31: =IF(AND('PROFILE COST'!D15<>"",'PROFILE COST'!D15<>0),'PROFILE COST'!D15,"") -> 6400
A32: =IF(AND('PROFILE COST'!C16<>"",'PROFILE COST'!C16<>0),'PROFILE COST'!C16,"") | B32: =IF(AND('PROFILE COST'!A16<>"",'PROFILE COST'!A16<>0),'PROFILE COST'!A16,"") | C32: =IF(AND('PROFILE COST'!D16<>"",'PROFILE COST'!D16<>0),'PROFILE COST'!D16,"") -> 6400
... A40: =IF(AND('PROFILE COST'!C24<>"",'PROFILE COST'!C24<>0),'PROFILE COST'!C24,"") | B40: =IF(AND('PROFILE COST'!A24<>"",'PROFILE COST'!A24<>0),'PROFILE COST'!A24,"") | C40: =IF(AND('PROFILE COST'!D24<>"",'PROFILE COST'!D24<>0),'PROFILE COST'!D24,"") -> 6400
A41: =IF(AND('PROFILE COST'!C25<>"",'PROFILE COST'!C25<>0),'PROFILE COST'!C25,"") | C41: =IF(AND('PROFILE COST'!D25<>"",'PROFILE COST'!D25<>0),'PROFILE COST'!D25,"")
A42: =IF(AND('PROFILE COST'!C26<>"",'PROFILE COST'!C26<>0),'PROFILE COST'!C26,"") | B42: =IF(AND('PROFILE COST'!A26<>"",'PROFILE COST'!A26<>0),'PROFILE COST'!A26,"") | C42: =IF(AND('PROFILE COST'!D26<>"",'PROFILE COST'!D26<>0),'PROFILE COST'!D26,"") -> 6400
A43: =IF(AND('PROFILE COST'!C27<>"",'PROFILE COST'!C27<>0),'PROFILE COST'!C27,"") | B43: =IF(AND('PROFILE COST'!A27<>"",'PROFILE COST'!A27<>0),'PROFILE COST'!A27,"") | C43: =IF(AND('PROFILE COST'!D27<>"",'PROFILE COST'!D27<>0),'PROFILE COST'!D27,"") -> 6400
A44: =IF(AND('PROFILE COST'!C28<>"",'PROFILE COST'!C28<>0),'PROFILE COST'!C28,"") | B44: =IF(AND('PROFILE COST'!A28<>"",'PROFILE COST'!A28<>0),'PROFILE COST'!A28,"") | C44: =IF(AND('PROFILE COST'!D28<>"",'PROFILE COST'!D28<>0),'PROFILE COST'!D28,"") -> 6400
A45: =IF(AND('PROFILE COST'!C29<>"",'PROFILE COST'!C29<>0),'PROFILE COST'!C29,"") | B45: =IF(AND('PROFILE COST'!A29<>"",'PROFILE COST'!A29<>0),'PROFILE COST'!A29,"") | C45: =IF(AND('PROFILE COST'!D29<>"",'PROFILE COST'!D29<>0),'PROFILE COST'!D29,"") -> 6400
A46: =IF(AND('PROFILE COST'!C30<>"",'PROFILE COST'!C30<>0),'PROFILE COST'!C30,"") | B46: =IF(AND('PROFILE COST'!A30<>"",'PROFILE COST'!A30<>0),'PROFILE COST'!A30,"") | C46: =IF(AND('PROFILE COST'!D30<>"",'PROFILE COST'!D30<>0),'PROFILE COST'!D30,"") -> 6400
A47: =IF(AND('PROFILE COST'!C31<>"",'PROFILE COST'!C31<>0),'PROFILE COST'!C31,"") | B47: =IF(AND('PROFILE COST'!A31<>"",'PROFILE COST'!A31<>0),'PROFILE COST'!A31,"") | C47: =IF(AND('PROFILE COST'!D31<>"",'PROFILE COST'!D31<>0),'PROFILE COST'!D31,"") -> 6400
A48: =IF(AND('PROFILE COST'!C32<>"",'PROFILE COST'!C32<>0),'PROFILE COST'!C32,"") | B48: =IF(AND('PROFILE COST'!A32<>"",'PROFILE COST'!A32<>0),'PROFILE COST'!A32,"") | C48: =IF(AND('PROFILE COST'!D32<>"",'PROFILE COST'!D32<>0),'PROFILE COST'!D32,"") -> 6400
A49: =IF(AND('PROFILE COST'!C33<>"",'PROFILE COST'!C33<>0),'PROFILE COST'!C33,"") | B49: =IF(AND('PROFILE COST'!A33<>"",'PROFILE COST'!A33<>0),'PROFILE COST'!A33,"") | C49: =IF(AND('PROFILE COST'!D33<>"",'PROFILE COST'!D33<>0),'PROFILE COST'!D33,"") -> 6400
A50: =IF(AND('PROFILE COST'!C34<>"",'PROFILE COST'!C34<>0),'PROFILE COST'!C34,"") | B50: =IF(AND('PROFILE COST'!A34<>"",'PROFILE COST'!A34<>0),'PROFILE COST'!A34,"") | C50: =IF(AND('PROFILE COST'!D34<>"",'PROFILE COST'!D34<>0),'PROFILE COST'!D34,"") -> 6400
A51: =IF(AND('PROFILE COST'!C35<>"",'PROFILE COST'!C35<>0),'PROFILE COST'!C35,"") | B51: =IF(AND('PROFILE COST'!A35<>"",'PROFILE COST'!A35<>0),'PROFILE COST'!A35,"") | C51: =IF(AND('PROFILE COST'!D35<>"",'PROFILE COST'!D35<>0),'PROFILE COST'!D35,"") -> 6400
A52: =IF(AND('PROFILE COST'!C36<>"",'PROFILE COST'!C36<>0),'PROFILE COST'!C36,"") | B52: =IF(AND('PROFILE COST'!A36<>"",'PROFILE COST'!A36<>0),'PROFILE COST'!A36,"") | C52: =IF(AND('PROFILE COST'!D36<>"",'PROFILE COST'!D36<>0),'PROFILE COST'!D36,"") -> 6400
A53: =IF(AND('PROFILE COST'!C37<>"",'PROFILE COST'!C37<>0),'PROFILE COST'!C37,"") | B53: =IF(AND('PROFILE COST'!A37<>"",'PROFILE COST'!A37<>0),'PROFILE COST'!A37,"") | C53: =IF(AND('PROFILE COST'!D37<>"",'PROFILE COST'!D37<>0),'PROFILE COST'!D37,"") -> 6400
... A61: =IF(AND('PROFILE COST'!C45<>"",'PROFILE COST'!C45<>0),'PROFILE COST'!C45,"") | B61: =IF(AND('PROFILE COST'!A45<>"",'PROFILE COST'!A45<>0),'PROFILE COST'!A45,"") | C61: =IF(AND('PROFILE COST'!D45<>"",'PROFILE COST'!D45<>0),'PROFILE COST'!D45,"") -> 6400
A62: =IF(AND('PROFILE COST'!C46<>"",'PROFILE COST'!C46<>0),'PROFILE COST'!C46,"") | B62: =IF(AND('PROFILE COST'!A46<>"",'PROFILE COST'!A46<>0),'PROFILE COST'!A46,"")
A63: =SUM(A21:A62) -> 0
C64: [42] | D64: SUBTOTAL
A65: Comments or Special Instructions
D66: TOTAL
A69: Authorised By:
A70: NAME: | B70: ALI | C70: SIGN:
A73: If you have any questions about this purchase order, please contact Ali
A74: Email: INFO.ALIFAB@GMAIL.COM / Tel: +254 707 020 989

Sheet WEIGHT CATALOGUE
A1: IMAGE | B1: PROFILE | C1: DESCRIPTION | D1: KG/M
B2: 75MM X 25MM BOX | C2: BOX | D2: 0.64
B3: 75MM X 45MM BOX | C3: BOX | D3: 0.76
B4: 100MM X 25MM BOX | C4: BOX | D4: 1.21
B5: 100MM X 100MM BOX | C5: BOX | D5: 3.39
B6: GDIL 6001 | C6: OUTERFRAME | D6: 1.39
B7: GDIL 6013 | C7: TRANSOM | D7: 0.75
B8: GDIL 6005 | C8: VENT | D8: 0.96
B9: GDIL 6015 | C9: BIG TRANSOM | D9: 1.03
B10: GDIL 6003 | C10: BEADING | D10: 0.34
B11: 79-030 | C11: BEADING | D11: 0.23
B12: 79-015 | C12: OUTERFRAME | D12: 0.93
B13: 79-017 | C13: TRANSOM/VENT | D13: 1.06
... B18: GDIL 4060 | C18: TRANSOM | D18: 0.92
B19: GDIL 4103 | C19: CORNER SECTION
B20: 06-001 | C20: JAMB | D20: 0.25
B21: 01-150 | C21: LOVRE | D21: 0.3
B22: 01-183 | C22: FLYSCREEN | D22: 0.25
B23: GDIL 3201 | C23: CORNER SECTION | D23: 0.29
B24: GDIL 3205 | C24: CORNER SECTION | D24: 1.17
B25: 09-001 | C25: OUTERFEAME | D25: 0.61
B26: 09-002 | C26: VENT / TRANSOM | D26: 0.67
B27: 01-231 | C27: BEADING | D27: 0.25
B28: 13-024 | C28: SMALL OUTERFRAME | D28: 0.68
B29: 13-021 | C29: VENT | D29: 0.88
B30: 13-025 | C30: TRANSOM | D30: 0.83
B31: 13-017 | C31: BEADING | D31: 0.32
... B39: 01-194 | C39: COVER PLATE | D39: 0.38
B40: GDIL 9572 | C40: PRESSURE PLATE ADAPTER
B41: M9241 | C41: OUTERFRAME | D41: 1.52
B42: M9292 | C42: SASH | D42: 1.23
B43: M9233 | C43: INTERLOCK | D43: 0.76
B44: M14650 | C44: 2 TRACK OUTER | D44: 1.62
B45: 250-139 | C45: 2 TRACK OUTER | D45: 1.62
B46: M14627 | C46: 3 TRACK OUTER | D46: 2
B47: 250-140 | C47: 3 TRACK OUTER | D47: 2
B48: M14632 | C48: SASH | D48: 0.96
B49: 250-133 | C49: SASH | D49: 0.96
B50: M14614 | C50: ADJOINING | D50: 0.85
B51: 250-141 | C51: ADJOINING | D51: 0.85
B52: M14615 | C52: INTERLOCK | D52: 0.57
... B71: 100-020M | C71: INOX RAIL | D71: 0.17

Sheet PROFILE SIZE CALCULATOR
A2: GDIL 6001 - PROJECTING WINDOW | P2: 16-086 - PROJECTING WINDOW | AE2: 13-024- PROJECTING WINDOW | AT2: 09-001- PROJECTING WINDOW | BI2: GDIL 4054- PROJECTING WINDOW | BX2: M14650 - SLIDING DOOR / WINDOW | CN2: M14627 - 3 TRACK SLIDING DOOR / WINDOW | DD2: M9241 - SLIDING DOOR / WINDOW | DT2: M9838 - SLIDING FOLDING DOORS | EH2: 79-015 SWING DOOR | EV2: GDIL 6001 SWING DOOR
CG4: OVERALL SIZE | CJ4: GLASS SIZES | CW4: OVERALL SIZE | CZ4: GLASS SIZES | DM4: OVERALL SIZE | DP4: GLASS SIZES | EA4: OVERALL SIZE | ED4: GLASS SIZES | EO4: OVERALL SIZE | ER4: GLASS SIZES | FC4: OVERALL SIZE | FF4: GLASS SIZES
I5: WINDOW SIZE | L5: GLASS SIZES | X5: WINDOW SIZE | AA5: GLASS SIZES | AM5: WINDOW SIZE | AP5: GLASS SIZES | BB5: WINDOW SIZE | BE5: GLASS SIZES | BQ5: WINDOW SIZE | BT5: GLASS SIZES | CG5: OVERALL WIDTH | CJ5: WIDTH | CK5: HEIGHT | CL5: QUANTITY | CW5: OVERALL WIDTH | CZ5: WIDTH | DA5: HEIGHT | DB5: QUANTITY | DM5: OVERALL WIDTH | DP5: WIDTH | DQ5: HEIGHT | DR5: QUANTITY | EA5: OVERALL WIDTH | ED5: WIDTH | EE5: HEIGHT | EF5: QUANTITY | EO5: OVERALL WIDTH | ER5: WIDTH | ES5: HEIGHT | ET5: QUANTITY | FC5: OVERALL WIDTH | FF5: WIDTH | FG5: HEIGHT | FH5: QUANTITY
I6: OVERALL WIDTH | L6: WIDTH | M6: HEIGHT | N6: QUANTITY | X6: OVERALL WIDTH | AA6: WIDTH | AB6: HEIGHT | AC6: QUANTITY | AM6: OVERALL WIDTH | AP6: WIDTH | AQ6: HEIGHT | AR6: QUANTITY | BB6: OVERALL WIDTH | BE6: WIDTH | BF6: HEIGHT | BG6: QUANTITY | BQ6: OVERALL WIDTH | BT6: WIDTH | BU6: HEIGHT | BV6: QUANTITY | CG6: OVERALL HEIGHT | CJ6: =CH12-134 -> -121.5 | CK6: =CH13-134 -> -202 | CL6: =CI12/2 -> 2 | CW6: OVERALL HEIGHT | CZ6: =CX12-134 -> -121.5 | DA6: =CX13-134 -> -194 | DB6: =CY12/2-1 -> 2 | DM6: OVERALL HEIGHT | DP6: =DN12-134 -> -131 | DQ6: =DN13-134 -> -199 | DR6: =DO12/2 -> 2 | EA6: OVERALL HEIGHT | ED6: =EB15-6 -> -112 | EE6: =EB16-6 -> -184.5 | EF6: =EC13/2 -> 3 | EO6: OVERALL HEIGHT | ER6: =EP15-6 -> -152 | ES6: =EP16-6 -> -126 | ET6: =EQ15/2 -> 1 | FC6: OVERALL HEIGHT | FF6: =FD15-6 -> -114 | FG6: =FD16-6 -> -93 | FH6: =FE15/2 -> 1
I7: OVERALL HEIGHT | L7: =J19-6 -> -118 | M7: =J20-6 -> -93 | N7: =K19/2 -> 2 | X7: OVERALL HEIGHT | AA7: =Y19-6 -> -148 | AB7: =Y20-6 -> -123 | AC7: =Z19/2 -> 2 | AM7: OVERALL HEIGHT | AP7: =AN19-6 -> -148 | AQ7: =AN20-6 -> -123 | AR7: =AO19/2 -> 2 | BB7: OVERALL HEIGHT | BE7: =BC19-6 -> -128 | BF7: =BC20-6 -> -101 | BG7: =BD19/2 -> 2 | BQ7: OVERALL HEIGHT | BT7: =BR19-6 -> -148 | BU7: =BR20-6 -> -123 | BV7: =BS19/2 -> 2 | EO7: BOTTOM CLEARANCE REQUIRED | FC7: BOTTOM CLEARANCE REQUIRED
I8: VENT WIDTH | L8: =J21-6 -> -56 | M8: =J22-6 -> -56 | N8: =K21/2 -> 2 | X8: VENT WIDTH | AA8: =Y21-6 -> -56 | AB8: =Y22-6 -> -56 | AC8: =Z21/2 -> 2 | AM8: VENT WIDTH | AP8: =AN21-6 -> -56 | AQ8: =AN22-6 -> -56 | AR8: =AO21/2 -> 2 | BB8: VENT WIDTH | BE8: =BC21-6 -> -58 | BF8: =BC22-6 -> -56 | BG8: =BD21/2 -> 2 | BQ8: VENT WIDTH | BT8: =BR21-6 -> -56 | BU8: =BR22-6 -> -56 | BV8: =BS21/2 -> 2 | CG8: PROFILES REQUIRED | CW8: PROFILES REQUIRED | DM8: PROFILES REQUIRED | EA8: PROFILES REQUIRED
I9: BOTTOM FIXED HEIGHT | L9: =J23-6 -> -6 | M9: =J24-6 -> -56 | N9: =K23/2 -> 1 | X9: BOTTOM FIXED HEIGHT | AA9: =Y23-6 -> -6 | AB9: =Y24-6 -> -56 | AC9: =Z23/2 -> 1 | AM9: BOTTOM FIXED HEIGHT | AP9: =AN23-6 -> -6 | AQ9: =AN24-6 -> -56 | AR9: =AO23/2 -> 1 | BB9: BOTTOM FIXED HEIGHT | BE9: =BC23-6 -> -6 | BF9: =BC24-6 -> -58 | BG9: =BD23/2 -> 1 | BQ9: BOTTOM FIXED HEIGHT | BT9: =BR23-6 -> -6 | BU9: =BR24-6 -> -56 | BV9: =BS23/2 -> 1 | CG9: PROFILE | CH9: SIZE | CI9: QUANTITY | CJ9: CUT DEGREE | CW9: PROFILE | CX9: SIZE | CY9: QUANTITY | CZ9: CUT DEGREE | DM9: PROFILE | DN9: SIZE | DO9: QUANTITY | DP9: CUT DEGREE | EA9: PROFILE | EB9: SIZE | EC9: QUANTITY | ED9: CUT DEGREE | EO9: PROFILES REQUIRED | FC9: PROFILES REQUIRED
CG10: M14650 2 TRACK OUTERFRAME | CH10: =CH5 -> 0 | CI10: 2 | CJ10: 45 | CW10: M146527 3 TRACK OUTERFRAME | CX10: =CX5 -> 0 | CY10: 2 | CZ10: 45 | DM10: M9241 2 TRACK OUTERFRAME | DN10: =DN5 -> 0 | DO10: 2 | DP10: 45 | EA10: M9838 TOP RAIL | EB10: =EB5 -> 0 | EC10: 1 | ED10: 90 | EO10: PROFILE | EP10: SIZE | EQ10: QUANTITY | ER10: CUT DEGREE | FC10: PROFILE | FD10: SIZE | FE10: QUANTITY | FF10: CUT DEGREE
I11: PROFILES REQUIRED | X11: PROFILES REQUIRED | AM11: PROFILES REQUIRED | BB11: PROFILES REQUIRED | BQ11: PROFILES REQUIRED | CG11: M14650 2 TRACK OUTERFRAME | CH11: =CH6 -> 0 | CI11: 2 | CJ11: 45 | CW11: M146527 3 TRACK OUTERFRAME | CX11: =CX6 -> 0 | CY11: 2 | CZ11: 45 | DM11: M9241 2 TRACK OUTERFRAME | DN11: =DN6 -> 0 | DO11: 2 | DP11: 45 | EA11: M9847 BOTTOM RAIL | EB11: =EB5 -> 0 | EC11: 1 | ED11: 90 | EO11: 79-015 OUTERFRAME | EP11: =EP5 -> 0 | EQ11: 1 | ER11: 45 | FC11: GDIL 6001 OUTERFRAME | FD11: =FD5 -> 0 | FE11: 1 | FF11: 45
I12: PROFILE | J12: SIZE | K12: QUANTITY | L12: CUT DEGREE | X12: PROFILE | Y12: SIZE | Z12: QUANTITY | AA12: CUT DEGREE | AM12: PROFILE | AN12: SIZE | AO12: QUANTITY | AP12: CUT DEGREE | BB12: PROFILE | BC12: SIZE | BD12: QUANTITY | BE12: CUT DEGREE | BQ12: PROFILE | BR12: SIZE | BS12: QUANTITY | BT12: CUT DEGREE | CG12: M14632 SHASH | CH12: =(CH5+25)/2 -> 12.5 | CI12: 4 | CJ12: 45 | CW12: M14632 SHASH | CX12: =(CX5+25)/2 -> 12.5 | CY12: 6 | CZ12: 45 | DM12: M9292 SHASH | DN12: =(DN5+6)/2 -> 3 | DO12: 4 | DP12: 45 | EA12: M9833 JAMB | EB12: =EB6-68-21 -> -89 | EC12: 2 | ED12: 90 | EO12: 79-015 OUTERFRAME | EP12: =EP6 -> 0 | EQ12: 2 | ER12: 45 | FC12: GDIL 6001 OUTERFRAME | FD12: =FD6 -> 0 | FE12: 2 | FF12: 45
I13: GDIL 6001 OUTERFRAME | J13: =J6 -> 0 | K13: 2 | L13: 45 | X13: 16-086 OUTERFRAME | Y13: =Y6 -> 0 | Z13: 2 | AA13: 45 | AM13: 13-024 OUTERFRAME | AN13: =AN6 -> 0 | AO13: 2 | AP13: 45 | BB13: 90-001 OUTERFRAME | BC13: =BC6 -> 0 | BD13: 2 | BE13: 45 | BQ13: GDIL 4054 OUTERFRAME | BR13: =BR6 -> 0 | BS13: 2 | BT13: 45 | CG13: M14632 SHASH | CH13: =CH6-68 -> -68 | CI13: 4 | CJ13: 45 | CW13: M14632 SHASH | CX13: =CX6-60 -> -60 | CY13: 6 | CZ13: 45 | DM13: M9292 SHASH | DN13: =DN6-65 -> -65 | DO13: 4 | DP13: 45 | EA13: M9834 SASH | EB13: =(EB5-30-12-12-12-12-30)/3 -> -36 | EC13: 6 | ED13: 45 | EO13: 79-017 VENT | EP13: =EP5-60+14 -> -46 | EQ13: 2 | ER13: 45 | FC13: GDIL 6005 VENT | FD13: =FD5-50+12 -> -38 | FE13: 2 | FF13: 45
I14: GDIL 6001 OUTERFRAME | J14: =J7 -> 0 | K14: 2 | L14: 45 | X14: 16-086 OUTERFRAME | Y14: =Y7 -> 0 | Z14: 2 | AA14: 45 | AM14: 13-024 OUTERFRAME | AN14: =AN7 -> 0 | AO14: 2 | AP14: 45 | BB14: 09-001 OUTERFRAME | BC14: =BC7 -> 0 | BD14: 2 | BE14: 45 | BQ14: GDIL 4054 OUTERFRAME | BR14: =BR7 -> 0 | BS14: 2 | BT14: 45 | CG14: M14615 INTERLOCK | CH14: =CH6-68 -> -68 | CI14: 2 | CJ14: 90 | CW14: M14615 INTERLOCK | CX14: =CX6-60 -> -60 | CY14: 4 | CZ14: 90 | DM14: M9233 INTERLOCK | DN14: =DN6-65 -> -65 | DO14: 2 | DP14: 90 | EA14: M9834 SASH | EB14: =EB6-69-6-6-21-6.5 -> -108.5 | EC14: 6 | ED14: 45 | EO14: 79-017 VENT | EP14: =EP6-30-EP7+10 -> -20 | EQ14: 2 | ER14: 45 | FC14: GDIL 6005 VENT | FD14: =FD6-25-FD7+8 -> -17 | FE14: 2 | FF14: 45
I15: GDIL 6013 TRANSOM | J15: =J7-50 -> -50 | K15: 2 | L15: 90 | X15: 13-025 TRANSOM | Y15: =Y7-50 -> -50 | Z15: 2 | AA15: 90 | AM15: 13-025 TRANSOM | AN15: =AN7-50 -> -50 | AO15: 2 | AP15: 90 | BB15: 09-002 TRANSOM | BC15: =BC7-52 -> -52 | BD15: 2 | BE15: 90 | BQ15: GDIL 4060 TRANSOM | BR15: =BR7-50 -> -50 | BS15: 2 | BT15: 90 | CG15: 100-020M | CH15: =CH5 -> 0 | CI15: 1 | CJ15: 90 | CW15: 100-020M | CX15: =CX5 -> 0 | CY15: 2 | CZ15: 90 | EA15: M11453 BEADING | EB15: =EB13-70 -> -106 | EC15: 6 | ED15: 90 | EO15: 79-032 BEADING | EP15: =EP13-100 -> -146 | EQ15: 2 | ER15: 90 | FC15: GDIL 6003 BEADING | FD15: =FD13-70 -> -108 | FE15: 2 | FF15: 90
I16: GDIL 6013 TRANSOM | J16: =J8-50 -> -50 | K16: 2 | L16: 90 | X16: 13-025 TRANSOM | Y16: =Y8-50 -> -50 | Z16: 2 | AA16: 90 | AM16: 13-025 TRANSOM | AN16: =AN8-50 -> -50 | AO16: 2 | AP16: 90 | BB16: 09-002 TRANSOM | BC16: =BC8-52 -> -52 | BD16: 2 | BE16: 90 | BQ16: GDIL 4060 TRANSOM | BR16: =BR8-50 -> -50 | BS16: 2 | BT16: 90 | EA16: M11453 BEADING | EB16: =EB14-70 -> -178.5 | EC16: 6 | ED16: 90 | EO16: 79-032 BEADING | EP16: =EP14-100 -> -120 | EQ16: 2 | ER16: 90 | FC16: GDIL 6003 BEADING | FD16: =FD14-70 -> -87 | FE16: 2 | FF16: 90
I17: GDIL 6005 VENT | J17: =J16+8 -> -42 | K17: 4 | L17: 45 | X17: 13-021 VENT | Y17: =Y16+8 -> -42 | Z17: 4 | AA17: 45 | AM17: 13-021 VENT | AN17: =AN16+8 -> -42 | AO17: 4 | AP17: 45 | BB17: 09-002 VENT | BC17: =BC16+10 -> -42 | BD17: 4 | BE17: 45 | BQ17: GDIL 4056 VENT | BR17: =BR16+8 -> -42 | BS17: 4 | BT17: 45 | EA17: M9805 STOPPER | EB17: =EB6 -> 0 | EC17: 1 | ED17: 90
I18: GDIL 6005 VENT | J18: =J7-J9-25+8 -> -17 | K18: 4 | L18: 45 | X18: 13-021 VENT | Y18: =Y7-Y9-25+8 -> -17 | Z18: 4 | AA18: 45 | AM18: 13-021 VENT | AN18: =AN7-AN9-25+8 -> -17 | AO18: 4 | AP18: 45 | BB18: 09-002 VENT | BC18: =BC7-BC9-25+10 -> -15 | BD18: 4 | BE18: 45 | BQ18: GDIL 4056 VENT | BR18: =BR7-BR9-25+8 -> -17 | BS18: 4 | BT18: 45 | EA18: M9806 WOOLPHILE | EB18: =EB13 -> -36 | EC18: 6 | ED18: 90
I19: GDIL 6003 BEADING | J19: =J17-70 -> -112 | K19: 4 | L19: 90 | X19: 13-017 BEADING | Y19: =Y17-100 -> -142 | Z19: 4 | AA19: 90 | AM19: 13-017 BEADING | AN19: =AN17-100 -> -142 | AO19: 4 | AP19: 90 | BB19: 01-231 BEADING | BC19: =BC17-80 -> -122 | BD19: 4 | BE19: 90 | BQ19: GDIL 4058 BEADING | BR19: =BR17-100 -> -142 | BS19: 4 | BT19: 90
I20: GDIL 6003 BEADING | J20: =J18-70 -> -87 | K20: 4 | L20: 90 | X20: 13-017 BEADING | Y20: =Y18-100 -> -117 | Z20: 4 | AA20: 90 | AM20: 13-017 BEADING | AN20: =AN18-100 -> -117 | AO20: 4 | AP20: 90 | BB20: 01-231 BEADING | BC20: =BC18-80 -> -95 | BD20: 4 | BE20: 90 | BQ20: GDIL 4058 BEADING | BR20: =BR18-100 -> -117 | BS20: 4 | BT20: 90
I21: GDIL 6003 BEADING | J21: =J16 -> -50 | K21: 4 | L21: 90 | X21: 13-017 BEADING | Y21: =Y16 -> -50 | Z21: 4 | AA21: 90 | AM21: 13-017 BEADING | AN21: =AN16 -> -50 | AO21: 4 | AP21: 90 | BB21: 01-231 BEADING | BC21: =BC16 -> -52 | BD21: 4 | BE21: 90 | BQ21: GDIL 4058 BEADING | BR21: =BR16 -> -50 | BS21: 4 | BT21: 90
I22: GDIL 6003 BEADING | J22: =J9-50 -> -50 | K22: 4 | L22: 90 | X22: 13-017 BEADING | Y22: =Y9-50 -> -50 | Z22: 4 | AA22: 90 | AM22: 13-017 BEADING | AN22: =AN9-50 -> -50 | AO22: 4 | AP22: 90 | BB22: 01-231 BEADING | BC22: =BC9-50 -> -50 | BD22: 4 | BE22: 90 | BQ22: GDIL 4058 BEADING | BR22: =BR9-50 -> -50 | BS22: 4 | BT22: 90 | CG22: WINDOW SIZE | CJ22: GLASS SIZES | CW22: WINDOW SIZE | CZ22: GLASS SIZES | DM22: WINDOW SIZE | DP22: GLASS SIZES | EA22: OVERALL SIZE | ED22: GLASS SIZES
I23: GDIL 6003 BEADING | J23: =J6-J8-J8 -> 0 | K23: 2 | L23: 90 | X23: 13-017 BEADING | Y23: =Y6-Y8-Y8 -> 0 | Z23: 2 | AA23: 90 | AM23: 13-017 BEADING | AN23: =AN6-AN8-AN8 -> 0 | AO23: 2 | AP23: 90 | BB23: 01-231 BEADING | BC23: =BC6-BC8-BC8 -> 0 | BD23: 2 | BE23: 90 | BQ23: GDIL 4058 BEADING | BR23: =BR6-BR8-BR8 -> 0 | BS23: 2 | BT23: 90 | CG23: OVERALL WIDTH | CJ23: WIDTH | CK23: HEIGHT | CL23: QUANTITY | CW23: OVERALL WIDTH | CZ23: WIDTH | DA23: HEIGHT | DB23: QUANTITY | DM23: OVERALL WIDTH | DP23: WIDTH | DQ23: HEIGHT | DR23: QUANTITY | EA23: OVERALL WIDTH | ED23: WIDTH | EE23: HEIGHT | EF23: QUANTITY
I24: GDIL 6003 BEADING | J24: =J15 -> -50 | K24: 2 | L24: 90 | X24: 13-017 BEADING | Y24: =Y15 -> -50 | Z24: 2 | AA24: 90 | AM24: 13-017 BEADING | AN24: =AN15 -> -50 | AO24: 2 | AP24: 90 | BB24: 01-231 BEADING | BC24: =BC15 -> -52 | BD24: 2 | BE24: 90 | BQ24: GDIL 4058 BEADING | BR24: =BR15 -> -50 | BS24: 2 | BT24: 90 | CG24: OVERALL HEIGHT | CJ24: =CH30-134 -> -109 | CK24: =CH31-134 -> -202 | CL24: =CI30/2 -> 4 | CW24: OVERALL HEIGHT | CZ24: =CX30-134 -> -109 | DA24: =CX31-134 -> -202 | DB24: =CY30/2-2 -> 4 | DM24: OVERALL HEIGHT | DP24: =DN30-134 -> -127.5 | DQ24: =DN31-134 -> -199 | DR24: =DO30/2 -> 2 | EA24: OVERALL HEIGHT | ED24: =EB33-6 -> -102.4 | EE24: =EB34-6 -> -184.5 | EF24: =EC31/2 -> 5
CG26: PROFILES REQUIRED | CW26: PROFILES REQUIRED | DM26: PROFILES REQUIRED | EA26: PROFILES REQUIRED
CG27: PROFILE | CH27: SIZE | CI27: QUANTITY | CJ27: CUT DEGREE | CW27: PROFILE | CX27: SIZE | CY27: QUANTITY | CZ27: CUT DEGREE | DM27: PROFILE | DN27: SIZE | DO27: QUANTITY | DP27: CUT DEGREE | EA27: PROFILE | EB27: SIZE | EC27: QUANTITY | ED27: CUT DEGREE
I28: WINDOW SIZE | L28: GLASS SIZES | X28: WINDOW SIZE | AA28: GLASS SIZES | AM28: WINDOW SIZE | AP28: GLASS SIZES | BB28: WINDOW SIZE | BE28: GLASS SIZES | BQ28: WINDOW SIZE | BT28: GLASS SIZES | CG28: M14650 2 TRACK OUTERFRAME | CH28: =CH23 -> 0 | CI28: 2 | CJ28: 45 | CW28: M146527 3 TRACK OUTERFRAME | CX28: =CX23 -> 0 | CY28: 2 | CZ28: 45 | DM28: M9241 2 TRACK OUTERFRAME | DN28: =DN23 -> 0 | DO28: 2 | DP28: 45 | EA28: M9838 TOP RAIL | EB28: =EB23 -> 0 | EC28: 1 | ED28: 90
I29: OVERALL WIDTH | L29: WIDTH | M29: HEIGHT | N29: QUANTITY | X29: OVERALL WIDTH | AA29: WIDTH | AB29: HEIGHT | AC29: QUANTITY | AM29: OVERALL WIDTH | AP29: WIDTH | AQ29: HEIGHT | AR29: QUANTITY | BB29: OVERALL WIDTH | BE29: WIDTH | BF29: HEIGHT | BG29: QUANTITY | BQ29: OVERALL WIDTH | BT29: WIDTH | BU29: HEIGHT | BV29: QUANTITY | CG29: M14650 2 TRACK OUTERFRAME | CH29: =CH24 -> 0 | CI29: 2 | CJ29: 45 | CW29: M146527 3 TRACK OUTERFRAME | CX29: =CX24 -> 0 | CY29: 2 | CZ29: 45 | DM29: M9241 2 TRACK OUTERFRAME | DN29: =DN24 -> 0 | DO29: 2 | DP29: 45 | EA29: M9847 BOTTOM RAIL | EB29: =EB23 -> 0 | EC29: 1 | ED29: 90 | EO29: OVERALL SIZE | ER29: GLASS SIZES | FC29: OVERALL SIZE | FF29: GLASS SIZES
I30: OVERALL HEIGHT | L30: =J40-6 -> -118 | M30: =J41-6 -> -118 | N30: =K40/2 -> 2 | X30: OVERALL HEIGHT | AA30: =Y40-6 -> -148 | AB30: =Y41-6 -> -148 | AC30: =Z40/2 -> 2 | AM30: OVERALL HEIGHT | AP30: =AN40-6 -> -148 | AQ30: =AN41-6 -> -148 | AR30: =AO40/2 -> 2 | BB30: OVERALL HEIGHT | BE30: =BC40-6 -> -128 | BF30: =BC41-6 -> -128 | BG30: =BD40/2 -> 2 | BQ30: OVERALL HEIGHT | BT30: =BR40-6 -> -148 | BU30: =BR41-6 -> -148 | BV30: =BS40/2 -> 2 | CG30: M14632 SHASH | CH30: =(CH23+100)/4 -> 25 | CI30: 8 | CJ30: 45 | CW30: M14632 SHASH | CX30: =(CX23+100)/4 -> 25 | CY30: 12 | CZ30: 45 | DM30: M9292 SHASH | DN30: =(DN23+26)/4 -> 6.5 | DO30: 4 | DP30: 45 | EA30: M9833 JAMB | EB30: =EB24-68-21 -> -89 | EC30: 2 | ED30: 90 | EO30: OVERALL WIDTH | ER30: WIDTH | ES30: HEIGHT | ET30: QUANTITY | FC30: OVERALL WIDTH | FF30: WIDTH | FG30: HEIGHT | FH30: QUANTITY
I31: VENT WIDTH | L31: =J42-6 -> -6 | M31: =J43-6 -> -56 | N31: =K42/2 -> 1 | X31: VENT WIDTH | AA31: =Y42-6 -> -6 | AB31: =Y43-6 -> -56 | AC31: =Z42/2 -> 1 | AM31: VENT WIDTH | AP31: =AN42-6 -> -6 | AQ31: =AN43-6 -> -56 | AR31: =AO42/2 -> 1 | BB31: VENT WIDTH | BE31: =BC42-6 -> -6 | BF31: =BC43-6 -> -58 | BG31: =BD42/2 -> 1 | BQ31: VENT WIDTH | BT31: =BR42-6 -> -6 | BU31: =BR43-6 -> -56 | BV31: =BS42/2 -> 1 | CG31: M14632 SHASH | CH31: =CH24-68 -> -68 | CI31: 8 | CJ31: 45 | CW31: M14632 SHASH | CX31: =CX24-68 -> -68 | CY31: 12 | CZ31: 45 | DM31: M9292 SHASH | DN31: =DN24-65 -> -65 | DO31: 4 | DP31: 45 | EA31: M9834 SASH | EB31: =(EB23-30-12-12-12-12-12-12-30)/5 -> -26.4 | EC31: 10 | ED31: 45 | EO31: OVERALL HEIGHT | ER31: =EP41-6 -> -128 | ES31: =EP42-6 -> -126 | ET31: =EQ41/2 -> 2 | FC31: OVERALL HEIGHT | FF31: =FD41-6 -> -98 | FG31: =FD42-6 -> -93 | FH31: =FE41/2 -> 2
CG32: M14615 INTERLOCK | CH32: =CH24-68 -> -68 | CI32: 4 | CJ32: 90 | CW32: M14615 INTERLOCK | CX32: =CX24-68 -> -68 | CY32: 8 | CZ32: 90 | DM32: M9233 INTERLOCK | DN32: =DN24-65 -> -65 | DO32: 2 | DP32: 90 | EA32: M9834 SASH | EB32: =EB24-69-6-6-21-6.5 -> -108.5 | EC32: 10 | ED32: 45 | EO32: BOTTOM CLEARANCE REQUIRED | FC32: BOTTOM CLEARANCE REQUIRED
I33: PROFILES REQUIRED | X33: PROFILES REQUIRED | AM33: PROFILES REQUIRED | BB33: PROFILES REQUIRED | BQ33: PROFILES REQUIRED | CG33: M14614 ADJOINING | CH33: =CH24-68 -> -68 | CI33: 1 | CJ33: 90 | CW33: M14614 ADJOINING | CX33: =CX24-68 -> -68 | CY33: 2 | CZ33: 90 | DM33: M9004 ADJOINING | DN33: =DN24-65 -> -65 | DO33: 1 | DP33: 90 | EA33: M11453 BEADING | EB33: =EB31-70 -> -96.4 | EC33: 10 | ED33: 90
I34: PROFILE | J34: SIZE | K34: QUANTITY | L34: CUT DEGREE | X34: PROFILE | Y34: SIZE | Z34: QUANTITY | AA34: CUT DEGREE | AM34: PROFILE | AN34: SIZE | AO34: QUANTITY | AP34: CUT DEGREE | BB34: PROFILE | BC34: SIZE | BD34: QUANTITY | BE34: CUT DEGREE | BQ34: PROFILE | BR34: SIZE | BS34: QUANTITY | BT34: CUT DEGREE | CG34: 100-020M | CH34: =CH23 -> 0 | CI34: 2 | CJ34: 90 | CW34: 100-020M | CX34: =CX23 -> 0 | CY34: 2 | CZ34: 90 | EA34: M11453 BEADING | EB34: =EB32-70 -> -178.5 | EC34: 10 | ED34: 90 | EO34: PROFILES REQUIRED | FC34: PROFILES REQUIRED
I35: GDIL 6001 OUTERFRAME | J35: =J29 -> 0 | K35: 2 | L35: 45 | X35: 16-086 OUTERFRAME | Y35: =Y29 -> 0 | Z35: 2 | AA35: 45 | AM35: 13-024 OUTERFRAME | AN35: =AN29 -> 0 | AO35: 2 | AP35: 45 | BB35: 90-001 OUTERFRAME | BC35: =BC29 -> 0 | BD35: 2 | BE35: 45 | BQ35: GDIL 4054 OUTERFRAME | BR35: =BR29 -> 0 | BS35: 2 | BT35: 45 | EA35: M9805 STOPPER | EB35: =EB24 -> 0 | EC35: 1 | ED35: 90 | EO35: PROFILE | EP35: SIZE | EQ35: QUANTITY | ER35: CUT DEGREE | FC35: PROFILE | FD35: SIZE | FE35: QUANTITY | FF35: CUT DEGREE
I36: GDIL 6001 OUTERFRAME | J36: =J30 -> 0 | K36: 2 | L36: 45 | X36: 16-086 OUTERFRAME | Y36: =Y30 -> 0 | Z36: 2 | AA36: 45 | AM36: 13-024 OUTERFRAME | AN36: =AN30 -> 0 | AO36: 2 | AP36: 45 | BB36: 90-001 OUTERFRAME | BC36: =BC30 -> 0 | BD36: 2 | BE36: 45 | BQ36: GDIL 4054 OUTERFRAME | BR36: =BR30 -> 0 | BS36: 2 | BT36: 45 | EA36: M9806 WOOLPHILE | EB36: =EB31 -> -26.4 | EC36: 10 | ED36: 90 | EO36: 79-015 OUTERFRAME | EP36: =EP30 -> 0 | EQ36: 1 | ER36: 45 | FC36: GDIL 6001 OUTERFRAME | FD36: =FD30 -> 0 | FE36: 1 | FF36: 45
I37: GDIL 6013 TRANSOM | J37: =J30-50 -> -50 | K37: 2 | L37: 90 | X37: 13-025 TRANSOM | Y37: =Y30-50 -> -50 | Z37: 2 | AA37: 90 | AM37: 13-025 TRANSOM | AN37: =AN30-50 -> -50 | AO37: 2 | AP37: 90 | BB37: 09-002 TRANSOM | BC37: =BC30-52 -> -52 | BD37: 2 | BE37: 90 | BQ37: GDIL 4060 TRANSOM | BR37: =BR30-50 -> -50 | BS37: 2 | BT37: 90 | EO37: 79-015 OUTERFRAME | EP37: =EP31 -> 0 | EQ37: 2 | ER37: 45 | FC37: GDIL 6001 OUTERFRAME | FD37: =FD31 -> 0 | FE37: 2 | FF37: 45
I38: GDIL 6005 VENT | J38: =J31-50+8 -> -42 | K38: 4 | L38: 45 | X38: 13-021 VENT | Y38: =Y31-50+8 -> -42 | Z38: 4 | AA38: 45 | AM38: 13-021 VENT | AN38: =AN31-50+8 -> -42 | AO38: 4 | AP38: 45 | BB38: 09-002 VENT | BC38: =BC31-52+10 -> -42 | BD38: 4 | BE38: 45 | BQ38: GDIL 4056 VENT | BR38: =BR31-50+8 -> -42 | BS38: 4 | BT38: 45 | EO38: 79-017 VENT | EP38: =((EP30-60)/2)+8 -> -22 | EQ38: 4 | ER38: 45 | FC38: GDIL 6005 VENT | FD38: =((FD30-50)/2)+3 -> -22 | FE38: 4 | FF38: 45
I39: GDIL 6005 VENT | J39: =J30-50+8 -> -42 | K39: 4 | L39: 45 | X39: 13-021 VENT | Y39: =Y30-50+8 -> -42 | Z39: 4 | AA39: 45 | AM39: 13-021 VENT | AN39: =AN30-50+8 -> -42 | AO39: 4 | AP39: 45 | BB39: 09-002 VENT | BC39: =BC30-52+10 -> -42 | BD39: 4 | BE39: 45 | BQ39: GDIL 4056 VENT | BR39: =BR30-50+8 -> -42 | BS39: 4 | BT39: 45 | EO39: 79-017 VENT | EP39: =EP31-30-EP32+10 -> -20 | EQ39: 4 | ER39: 45 | FC39: GDIL 6005 VENT | FD39: =FD31-25-FD32+8 -> -17 | FE39: 4 | FF39: 45
I40: GDIL 6003 BEADING | J40: =J38-70 -> -112 | K40: 4 | L40: 90 | X40: 13-017 BEADING | Y40: =Y38-100 -> -142 | Z40: 4 | AA40: 90 | AM40: 13-017 BEADING | AN40: =AN38-100 -> -142 | AO40: 4 | AP40: 90 | BB40: 01-231 BEADING | BC40: =BC38-80 -> -122 | BD40: 4 | BE40: 90 | BQ40: GDIL 4058 BEADING | BR40: =BR38-100 -> -142 | BS40: 4 | BT40: 90 | CJ40: GLASS SIZES | EA40: OVERALL SIZE | ED40: GLASS SIZES | EO40: 79-017 TRANSOM ADJOINDING | EP40: =EP39 -> -20 | EQ40: 1 | ER40: 90 | FC40: GDIL 6013 TRANSOM ADJOINDING | FD40: =FD39 -> -17 | FE40: 1 | FF40: 90
I41: GDIL 6003 BEADING | J41: =J39-70 -> -112 | K41: 4 | L41: 90 | X41: 13-017 BEADING | Y41: =Y39-100 -> -142 | Z41: 4 | AA41: 90 | AM41: 13-017 BEADING | AN41: =AN39-100 -> -142 | AO41: 4 | AP41: 90 | BB41: 01-231 BEADING | BC41: =BC39-80 -> -122 | BD41: 4 | BE41: 90 | BQ41: GDIL 4058 BEADING | BR41: =BR39-100 -> -142 | BS41: 4 | BT41: 90 | CG41: WINDOW SIZE | CJ41: WIDTH | CK41: HEIGHT | CL41: QUANTITY | CW41: OVERALL SIZE | CZ41: GLASS SIZES | EA41: OVERALL WIDTH | ED41: WIDTH | EE41: HEIGHT | EF41: QUANTITY | EO41: 79-032 BEADING | EP41: =EP38-100 -> -122 | EQ41: 4 | ER41: 90 | FC41: GDIL 6003 BEADING | FD41: =FD38-70 -> -92 | FE41: 4 | FF41: 90
I42: GDIL 6003 BEADING | J42: =J29-J31-J31 -> 0 | K42: 2 | L42: 90 | X42: 13-017 BEADING | Y42: =Y29-Y31-Y31 -> 0 | Z42: 2 | AA42: 90 | AM42: 13-017 BEADING | AN42: =AN29-AN31-AN31 -> 0 | AO42: 2 | AP42: 90 | BB42: 01-231 BEADING | BC42: =BC29-BC31-BC31 -> 0 | BD42: 2 | BE42: 90 | BQ42: GDIL 4058 BEADING | BR42: =BR29-BR31-BR31 -> 0 | BS42: 2 | BT42: 90 | CG42: OVERALL WIDTH | CJ42: =CH49-134 -> -74 | CK42: =CH51-134 -> -202 | CL42: =CI49/2 -> 1 | CW42: OVERALL WIDTH | CZ42: WIDTH | DA42: HEIGHT | DB42: QUANTITY | EA42: OVERALL HEIGHT | ED42: =EB51-6 -> -100 | EE42: =EB52-6 -> -184.5 | EF42: =EC49/2 -> 6 | EO42: 79-032 BEADING | EP42: =EP39-100 -> -120 | EQ42: 4 | ER42: 90 | FC42: GDIL 6003 BEADING | FD42: =FD39-70 -> -87 | FE42: 4 | FF42: 90
I43: GDIL 6003 BEADING | J43: =J37 -> -50 | K43: 2 | L43: 90 | X43: 13-017 BEADING | Y43: =Y37 -> -50 | Z43: 2 | AA43: 90 | AM43: 13-017 BEADING | AN43: =AN37 -> -50 | AO43: 2 | AP43: 90 | BB43: 01-231 BEADING | BC43: =BC37 -> -52 | BD43: 2 | BE43: 90 | BQ43: GDIL 4058 BEADING | BR43: =BR37 -> -50 | BS43: 2 | BT43: 90 | CG43: OVERALL HEIGHT | CJ43: =CH50-134 -> -104 | CK43: =CH51-134 -> -202 | CL43: =CI50/2 -> 2 | CW43: OVERALL HEIGHT | CZ43: =CX49-134 -> -94 | DA43: =CX50-134 -> -194 | DB43: =CY49/2 -> 3
EA44: PROFILES REQUIRED
CG45: PROFILES REQUIRED | CW45: PROFILES REQUIRED | EA45: PROFILE | EB45: SIZE | EC45: QUANTITY | ED45: CUT DEGREE
CG46: PROFILE | CH46: SIZE | CI46: QUANTITY | CJ46: CUT DEGREE | CW46: PROFILE | CX46: SIZE | CY46: QUANTITY | CZ46: CUT DEGREE | EA46: M9838 TOP RAIL | EB46: =EB41 -> 0 | EC46: 1 | ED46: 90
I47: WINDOW SIZE | L47: GLASS SIZES | X47: WINDOW SIZE | AA47: GLASS SIZES | AM47: WINDOW SIZE | AP47: GLASS SIZES | BB47: WINDOW SIZE | BE47: GLASS SIZES | BQ47: WINDOW SIZE | BT47: GLASS SIZES | CG47: M14650 2 TRACK OUTERFRAME | CH47: =CH42 -> 0 | CI47: 2 | CJ47: 45 | CW47: M146527 3 TRACK OUTERFRAME | CX47: =CX42 -> 0 | CY47: 2 | CZ47: 45 | EA47: M9847 BOTTOM RAIL | EB47: =EB41 -> 0 | EC47: 1 | ED47: 90
I48: OVERALL WIDTH | L48: WIDTH | M48: HEIGHT | N48: QUANTITY | X48: OVERALL WIDTH | AA48: WIDTH | AB48: HEIGHT | AC48: QUANTITY | AM48: OVERALL WIDTH | AP48: WIDTH | AQ48: HEIGHT | AR48: QUANTITY | BB48: OVERALL WIDTH | BE48: WIDTH | BF48: HEIGHT | BG48: QUANTITY | BQ48: OVERALL WIDTH | BT48: WIDTH | BU48: HEIGHT | BV48: QUANTITY | CG48: M14650 2 TRACK OUTERFRAME | CH48: =CH43 -> 0 | CI48: 2 | CJ48: 45 | CW48: M146527 3 TRACK OUTERFRAME | CX48: =CX43 -> 0 | CY48: 2 | CZ48: 45 | EA48: M9833 JAMB | EB48: =EB42-68-21 -> -89 | EC48: 2 | ED48: 90
I49: OVERALL HEIGHT | L49: =J61-6 -> -118 | M49: =J62-6 -> -93 | N49: =K61/2 -> 1 | X49: OVERALL HEIGHT | AA49: =Y61-6 -> -148 | AB49: =Y62-6 -> -123 | AC49: =Z61/2 -> 1 | AM49: OVERALL HEIGHT | AP49: =AN61-6 -> -148 | AQ49: =AN62-6 -> -123 | AR49: =AO61/2 -> 1 | BB49: OVERALL HEIGHT | BE49: =BC61-6 -> -128 | BF49: =BC62-6 -> -101 | BG49: =BD61/2 -> 1 | BQ49: OVERALL HEIGHT | BT49: =BR61-6 -> -148 | BU49: =BR62-6 -> -123 | BV49: =BS61/2 -> 1 | CG49: M14632 SHASH | CH49: =(CH42+120)/2 -> 60 | CI49: 2 | CJ49: 45 | CW49: M14632 SHASH | CX49: =(CX42+120)/3 -> 40 | CY49: 6 | CZ49: 45 | EA49: M9834 SASH | EB49: =(EB41-30-12-12-12-12-12-12-12-30)/6 -> -24 | EC49: 12 | ED49: 45
I50: VENT WIDTH | L50: =J63-6 -> -56 | M50: =J64-6 -> -56 | N50: =K63/2 -> 1 | X50: VENT WIDTH | AA50: =Y63-6 -> -56 | AB50: =Y64-6 -> -56 | AC50: =Z63/2 -> 1 | AM50: VENT WIDTH | AP50: =AN63-6 -> -56 | AQ50: =AN64-6 -> -56 | AR50: =AO63/2 -> 1 | BB50: VENT WIDTH | BE50: =BC63-6 -> -58 | BF50: =BC64-6 -> -58 | BG50: =BD63/2 -> 1 | BQ50: VENT WIDTH | BT50: =BR63-6 -> -56 | BU50: =BR64-6 -> -56 | BV50: =BS63/2 -> 1 | CG50: M14632 SHASH | CH50: =CH49/2 -> 30 | CI50: 4 | CJ50: 45 | CW50: M14632 SHASH | CX50: =CX43-60 -> -60 | CY50: 6 | CZ50: 45 | EA50: M9834 SASH | EB50: =EB42-69-6-6-21-6.5 -> -108.5 | EC50: 12 | ED50: 45
I51: BOTTOM FIXED HEIGHT | L51: =J65-6 -> -31 | M51: =J66-6 -> -56 | N51: =K65/2 -> 1 | X51: BOTTOM FIXED HEIGHT | AA51: =Y65-6 -> -31 | AB51: =Y66-6 -> -56 | AC51: =Z65/2 -> 1 | AM51: BOTTOM FIXED HEIGHT | AP51: =AN65-6 -> -31 | AQ51: =AN66-6 -> -56 | AR51: =AO65/2 -> 1 | BB51: BOTTOM FIXED HEIGHT | BE51: =BC65-6 -> -31 | BF51: =BC66-6 -> -58 | BG51: =BD65/2 -> 1 | BQ51: BOTTOM FIXED HEIGHT | BT51: =BR65-6 -> -31 | BU51: =BR66-6 -> -56 | BV51: =BS65/2 -> 1 | CG51: M14632 SHASH | CH51: =CH43-68 -> -68 | CI51: 6 | CJ51: 45 | CW51: M14615 INTERLOCK | CX51: =CX43-60 -> -60 | CY51: 4 | CZ51: 90 | EA51: M11453 BEADING | EB51: =EB49-70 -> -94 | EC51: 12 | ED51: 90
CG52: M14615 INTERLOCK | CH52: =CH43-68 -> -68 | CI52: 4 | CJ52: 90 | CW52: 100-020M | CX52: =CX42 -> 0 | CY52: 2 | CZ52: 90 | EA52: M11453 BEADING | EB52: =EB50-70 -> -178.5 | EC52: 12 | ED52: 90
I53: PROFILES REQUIRED | X53: PROFILES REQUIRED | AM53: PROFILES REQUIRED | BB53: PROFILES REQUIRED | BQ53: PROFILES REQUIRED | CG53: 100-020M | CH53: =CH42 -> 0 | CI53: 1 | CJ53: 90 | EA53: M9805 STOPPER | EB53: =EB42 -> 0 | EC53: 1 | ED53: 90
I54: PROFILE | J54: SIZE | K54: QUANTITY | L54: CUT DEGREE | X54: PROFILE | Y54: SIZE | Z54: QUANTITY | AA54: CUT DEGREE | AM54: PROFILE | AN54: SIZE | AO54: QUANTITY | AP54: CUT DEGREE | BB54: PROFILE | BC54: SIZE | BD54: QUANTITY | BE54: CUT DEGREE | BQ54: PROFILE | BR54: SIZE | BS54: QUANTITY | BT54: CUT DEGREE | EA54: M9806 WOOLPHILE | EB54: =EB49 -> -24 | EC54: 12 | ED54: 90 | EO54: OVERALL SIZE | ER54: GLASS SIZES | FC54: OVERALL SIZE | FF54: GLASS SIZES
I55: GDIL 6001 OUTERFRAME | J55: =J48 -> 0 | K55: 2 | L55: 45 | X55: 16-086 OUTERFRAME | Y55: =Y48 -> 0 | Z55: 2 | AA55: 45 | AM55: 13-024 OUTERFRAME | AN55: =AN48 -> 0 | AO55: 2 | AP55: 45 | BB55: 90-001 OUTERFRAME | BC55: =BC48 -> 0 | BD55: 2 | BE55: 45 | BQ55: GDIL 4054 OUTERFRAME | BR55: =BR48 -> 0 | BS55: 2 | BT55: 45 | EO55: OVERALL WIDTH | ER55: WIDTH | ES55: HEIGHT | ET55: QUANTITY | FC55: OVERALL WIDTH | FF55: WIDTH | FG55: HEIGHT | FH55: QUANTITY
I56: GDIL 6001 OUTERFRAME | J56: =J49 -> 0 | K56: 2 | L56: 45 | X56: 16-086 OUTERFRAME | Y56: =Y49 -> 0 | Z56: 2 | AA56: 45 | AM56: 13-024 OUTERFRAME | AN56: =AN49 -> 0 | AO56: 2 | AP56: 45 | BB56: 90-001 OUTERFRAME | BC56: =BC49 -> 0 | BD56: 2 | BE56: 45 | BQ56: GDIL 4054 OUTERFRAME | BR56: =BR49 -> 0 | BS56: 2 | BT56: 45 | EO56: OVERALL HEIGHT | ER56: =EP69-6 -> -128 | ES56: =EP70-6 -> -126 | ET56: =EQ69/2 -> 1 | FC56: OVERALL HEIGHT | FF56: =FD69-6 -> -89 | FG56: =FD70-6 -> -93 | FH56: =FE69/2 -> 1
I57: GDIL 6013 TRANSOM | J57: =J49-50 -> -50 | K57: 1 | L57: 90 | X57: 13-025 TRANSOM | Y57: =Y49-50 -> -50 | Z57: 1 | AA57: 90 | AM57: 13-025 TRANSOM | AN57: =AN49-50 -> -50 | AO57: 1 | AP57: 90 | BB57: 09-002 TRANSOM | BC57: =BC49-52 -> -52 | BD57: 1 | BE57: 90 | BQ57: GDIL 4060 TRANSOM | BR57: =BR49-50 -> -50 | BS57: 1 | BT57: 90 | EO57: MAIN VENT WIDTH | ER57: =EP71-6 -> -128 | ES57: =EP72-6 -> -126 | ET57: =EQ71/2 -> 1 | FC57: MAIN VENT WIDTH | FF57: =FD71-6 -> -89 | FG57: =FD72-6 -> -93 | FH57: =FE71/2 -> 1
I58: GDIL 6013 TRANSOM | J58: =J50-50 -> -50 | K58: 1 | L58: 90 | X58: 13-025 TRANSOM | Y58: =Y50-50 -> -50 | Z58: 1 | AA58: 90 | AM58: 13-025 TRANSOM | AN58: =AN50-50 -> -50 | AO58: 1 | AP58: 90 | BB58: 09-002 TRANSOM | BC58: =BC50-52 -> -52 | BD58: 1 | BE58: 90 | BQ58: GDIL 4060 TRANSOM | BR58: =BR50-50 -> -50 | BS58: 1 | BT58: 90 | EA58: OVERALL SIZE | ED58: GLASS SIZES | EO58: BOTTOM CLEARANCE REQUIRED | FC58: BOTTOM CLEARANCE REQUIRED
I59: GDIL 6005 VENT | J59: =J58+8 -> -42 | K59: 2 | L59: 45 | X59: 13-021 VENT | Y59: =Y58+8 -> -42 | Z59: 2 | AA59: 45 | AM59: 13-021 VENT | AN59: =AN58+8 -> -42 | AO59: 2 | AP59: 45 | BB59: 09-002 VENT | BC59: =BC58+10 -> -42 | BD59: 2 | BE59: 45 | BQ59: GDIL 4056 VENT | BR59: =BR58+8 -> -42 | BS59: 2 | BT59: 45 | EA59: OVERALL WIDTH | ED59: WIDTH | EE59: HEIGHT | EF59: QUANTITY
I60: GDIL 6005 VENT | J60: =J49-J51-25+8 -> -17 | K60: 2 | L60: 45 | X60: 13-021 VENT | Y60: =Y49-Y51-25+8 -> -17 | Z60: 2 | AA60: 45 | AM60: 13-021 VENT | AN60: =AN49-AN51-25+8 -> -17 | AO60: 2 | AP60: 45 | BB60: 09-002 VENT | BC60: =BC49-BC51-25+10 -> -15 | BD60: 2 | BE60: 45 | BQ60: GDIL 4056 VENT | BR60: =BR49-BR51-25+8 -> -17 | BS60: 2 | BT60: 45 | EA60: OVERALL HEIGHT | ED60: =EB69-6 -> -100 | EE60: =EB70-6 -> -184.5 | EF60: =EC69/2 -> 4 | EO60: PROFILES REQUIRED | FC60: PROFILES REQUIRED
I61: GDIL 6003 BEADING | J61: =J59-70 -> -112 | K61: 2 | L61: 90 | X61: 13-017 BEADING | Y61: =Y59-100 -> -142 | Z61: 2 | AA61: 90 | AM61: 13-017 BEADING | AN61: =AN59-100 -> -142 | AO61: 2 | AP61: 90 | BB61: 01-231 BEADING | BC61: =BC59-80 -> -122 | BD61: 2 | BE61: 90 | BQ61: GDIL 4058 BEADING | BR61: =BR59-100 -> -142 | BS61: 2 | BT61: 90 | EO61: PROFILE | EP61: SIZE | EQ61: QUANTITY | ER61: CUT DEGREE | FC61: PROFILE | FD61: SIZE | FE61: QUANTITY | FF61: CUT DEGREE
I62: GDIL 6003 BEADING | J62: =J60-70 -> -87 | K62: 2 | L62: 90 | X62: 13-017 BEADING | Y62: =Y60-100 -> -117 | Z62: 2 | AA62: 90 | AM62: 13-017 BEADING | AN62: =AN60-100 -> -117 | AO62: 2 | AP62: 90 | BB62: 01-231 BEADING | BC62: =BC60-80 -> -95 | BD62: 2 | BE62: 90 | BQ62: GDIL 4058 BEADING | BR62: =BR60-100 -> -117 | BS62: 2 | BT62: 90 | EA62: PROFILES REQUIRED | EO62: 79-015 OUTERFRAME | EP62: =EP55 -> 0 | EQ62: 1 | ER62: 45 | FC62: GDIL 6001 OUTERFRAME | FD62: =FD55 -> 0 | FE62: 1 | FF62: 45
I63: GDIL 6003 BEADING | J63: =J58 -> -50 | K63: 2 | L63: 90 | X63: 13-017 BEADING | Y63: =Y58 -> -50 | Z63: 2 | AA63: 90 | AM63: 13-017 BEADING | AN63: =AN58 -> -50 | AO63: 2 | AP63: 90 | BB63: 01-231 BEADING | BC63: =BC58 -> -52 | BD63: 2 | BE63: 90 | BQ63: GDIL 4058 BEADING | BR63: =BR58 -> -50 | BS63: 2 | BT63: 90 | EA63: PROFILE | EB63: SIZE | EC63: QUANTITY | ED63: CUT DEGREE | EO63: 79-015 OUTERFRAME | EP63: =EP56 -> 0 | EQ63: 2 | ER63: 45 | FC63: GDIL 6001 OUTERFRAME | FD63: =FD56 -> 0 | FE63: 2 | FF63: 45
I64: GDIL 6003 BEADING | J64: =J51-50 -> -50 | K64: 2 | L64: 90 | X64: 13-017 BEADING | Y64: =Y51-50 -> -50 | Z64: 2 | AA64: 90 | AM64: 13-017 BEADING | AN64: =AN51-50 -> -50 | AO64: 2 | AP64: 90 | BB64: 01-231 BEADING | BC64: =BC51-52 -> -52 | BD64: 2 | BE64: 90 | BQ64: GDIL 4058 BEADING | BR64: =BR51-50 -> -50 | BS64: 2 | BT64: 90 | EA64: M9838 TOP RAIL | EB64: =EB59 -> 0 | EC64: 1 | ED64: 90 | EO64: 79-017 VENT | EP64: =EP57-30+8 -> -22 | EQ64: 2 | ER64: 45 | FC64: GDIL 6005 VENT | FD64: =FD57-25+12 -> -13 | FE64: 2 | FF64: 45
I65: GDIL 6003 BEADING | J65: =J48-J50-25 -> -25 | K65: 2 | L65: 90 | X65: 13-017 BEADING | Y65: =Y48-Y50-25 -> -25 | Z65: 2 | AA65: 90 | AM65: 13-017 BEADING | AN65: =AN48-AN50-25 -> -25 | AO65: 2 | AP65: 90 | BB65: 01-231 BEADING | BC65: =BC48-BC50-25 -> -25 | BD65: 2 | BE65: 90 | BQ65: GDIL 4058 BEADING | BR65: =BR48-BR50-25 -> -25 | BS65: 2 | BT65: 90 | EA65: M9847 BOTTOM RAIL | EB65: =EB59 -> 0 | EC65: 1 | ED65: 90 | EO65: 79-017 VENT | EP65: =EP56-30-EP58+10 -> -20 | EQ65: 2 | ER65: 45 | FC65: GDIL 6005 VENT | FD65: =FD56-25-FD58+8 -> -17 | FE65: 2 | FF65: 45
I66: GDIL 6003 BEADING | J66: =J57 -> -50 | K66: 2 | L66: 90 | X66: 13-017 BEADING | Y66: =Y57 -> -50 | Z66: 2 | AA66: 90 | AM66: 13-017 BEADING | AN66: =AN57 -> -50 | AO66: 2 | AP66: 90 | BB66: 01-231 BEADING | BC66: =BC57 -> -52 | BD66: 2 | BE66: 90 | BQ66: GDIL 4058 BEADING | BR66: =BR57 -> -50 | BS66: 2 | BT66: 90 | EA66: M9833 JAMB | EB66: =EB60-68-21 -> -89 | EC66: 2 | ED66: 90 | EO66: 79-017 VENT | EP66: =EP55-EP57-30+8 -> -22 | EQ66: 2 | ER66: 45 | FC66: GDIL 6005 VENT | FD66: =FD55-FD57-25+12 -> -13 | FE66: 2 | FF66: 45
EA67: M9834 SASH | EB67: =(EB59-30-12--12-12-12-12-30)/4 -> -24 | EC67: 8 | ED67: 45 | EO67: 79-017 VENT | EP67: =EP65 -> -20 | EQ67: 2 | ER67: 45 | FC67: GDIL 6005 VENT | FD67: =FD65 -> -17 | FE67: 2 | FF67: 45
EA68: M9834 SASH | EB68: =EB60-69-6-6-21-6.5 -> -108.5 | EC68: 8 | ED68: 45 | EO68: 79-017 TRANSOM ADJOINDING | EP68: =EP67 -> -20 | EQ68: 1 | ER68: 90 | FC68: GDIL 6013 TRANSOM ADJOINDING | FD68: =FD67 -> -17 | FE68: 1 | FF68: 90
EA69: M11453 BEADING | EB69: =EB67-70 -> -94 | EC69: 8 | ED69: 90 | EO69: 79-032 BEADING | EP69: =EP64-100 -> -122 | EQ69: 2 | ER69: 90 | FC69: GDIL 6003 BEADING | FD69: =FD64-70 -> -83 | FE69: 2 | FF69: 90
I70: WINDOW SIZE | L70: GLASS SIZES | X70: WINDOW SIZE | AA70: GLASS SIZES | AM70: WINDOW SIZE | AP70: GLASS SIZES | BB70: WINDOW SIZE | BE70: GLASS SIZES | BQ70: WINDOW SIZE | BT70: GLASS SIZES | EA70: M11453 BEADING | EB70: =EB68-70 -> -178.5 | EC70: 8 | ED70: 90 | EO70: 79-032 BEADING | EP70: =EP65-100 -> -120 | EQ70: 2 | ER70: 90 | FC70: GDIL 6003 BEADING | FD70: =FD65-70 -> -87 | FE70: 2 | FF70: 90
I71: OVERALL WIDTH | L71: WIDTH | M71: HEIGHT | N71: QUANTITY | X71: OVERALL WIDTH | AA71: WIDTH | AB71: HEIGHT | AC71: QUANTITY | AM71: OVERALL WIDTH | AP71: WIDTH | AQ71: HEIGHT | AR71: QUANTITY | BB71: OVERALL WIDTH | BE71: WIDTH | BF71: HEIGHT | BG71: QUANTITY | BQ71: OVERALL WIDTH | BT71: WIDTH | BU71: HEIGHT | BV71: QUANTITY | EA71: M9805 STOPPER | EB71: =EB60 -> 0 | EC71: 1 | ED71: 90 | EO71: 79-032 BEADING | EP71: =EP66-100 -> -122 | EQ71: 2 | ER71: 90 | FC71: GDIL 6003 BEADING | FD71: =FD66-70 -> -83 | FE71: 2 | FF71: 90
I72: OVERALL HEIGHT | L72: =J82-6 -> -118 | M72: =J83-6 -> -118 | N72: =K82/2 -> 1 | X72: OVERALL HEIGHT | AA72: =Y82-6 -> -148 | AB72: =Y83-6 -> -148 | AC72: =Z82/2 -> 1 | AM72: OVERALL HEIGHT | AP72: =AN82-6 -> -148 | AQ72: =AN83-6 -> -148 | AR72: =AO82/2 -> 1 | BB72: OVERALL HEIGHT | BE72: =BC82-6 -> -128 | BF72: =BC83-6 -> -128 | BG72: =BD82/2 -> 1 | BQ72: OVERALL HEIGHT | BT72: =BR82-6 -> -148 | BU72: =BR83-6 -> -148 | BV72: =BS82/2 -> 1 | EA72: M9806 WOOLPHILE | EB72: =EB67 -> -24 | EC72: 8 | ED72: 90 | EO72: 79-032 BEADING | EP72: =EP67-100 -> -120 | EQ72: 2 | ER72: 90 | FC72: GDIL 6003 BEADING | FD72: =FD67-70 -> -87 | FE72: 2 | FF72: 90
I73: VENT WIDTH | L73: =J84-6 -> -31 | M73: =J85-6 -> -56 | N73: =K84/2 -> 1 | X73: VENT WIDTH | AA73: =Y84-6 -> -31 | AB73: =Y85-6 -> -56 | AC73: =Z84/2 -> 1 | AM73: VENT WIDTH | AP73: =AN84-6 -> -31 | AQ73: =AN85-6 -> -56 | AR73: =AO84/2 -> 1 | BB73: VENT WIDTH | BE73: =BC84-6 -> -31 | BF73: =BC85-6 -> -58 | BG73: =BD84/2 -> 1 | BQ73: VENT WIDTH | BT73: =BR84-6 -> -31 | BU73: =BR85-6 -> -56 | BV73: =BS84/2 -> 1
I75: PROFILES REQUIRED | X75: PROFILES REQUIRED | AM75: PROFILES REQUIRED | BB75: PROFILES REQUIRED | BQ75: PROFILES REQUIRED
I76: PROFILE | J76: SIZE | K76: QUANTITY | L76: CUT DEGREE | X76: PROFILE | Y76: SIZE | Z76: QUANTITY | AA76: CUT DEGREE | AM76: PROFILE | AN76: SIZE | AO76: QUANTITY | AP76: CUT DEGREE | BB76: PROFILE | BC76: SIZE | BD76: QUANTITY | BE76: CUT DEGREE | BQ76: PROFILE | BR76: SIZE | BS76: QUANTITY | BT76: CUT DEGREE
I77: GDIL 6001 OUTERFRAME | J77: =J71 -> 0 | K77: 2 | L77: 45 | X77: 16-086 OUTERFRAME | Y77: =Y71 -> 0 | Z77: 2 | AA77: 45 | AM77: 13-024 OUTERFRAME | AN77: =AN71 -> 0 | AO77: 2 | AP77: 45 | BB77: 90-001 OUTERFRAME | BC77: =BC71 -> 0 | BD77: 2 | BE77: 45 | BQ77: GDIL 4054 OUTERFRAME | BR77: =BR71 -> 0 | BS77: 2 | BT77: 45
I78: GDIL 6001 OUTERFRAME | J78: =J72 -> 0 | K78: 2 | L78: 45 | X78: 16-086 OUTERFRAME | Y78: =Y72 -> 0 | Z78: 2 | AA78: 45 | AM78: 13-024 OUTERFRAME | AN78: =AN72 -> 0 | AO78: 2 | AP78: 45 | BB78: 90-001 OUTERFRAME | BC78: =BC72 -> 0 | BD78: 2 | BE78: 45 | BQ78: GDIL 4054 OUTERFRAME | BR78: =BR72 -> 0 | BS78: 2 | BT78: 45
I79: GDIL 6013 TRANSOM | J79: =J72-50 -> -50 | K79: 1 | L79: 90 | X79: 13-025 TRANSOM | Y79: =Y72-50 -> -50 | Z79: 1 | AA79: 90 | AM79: 13-025 TRANSOM | AN79: =AN72-50 -> -50 | AO79: 1 | AP79: 90 | BB79: 09-002 TRANSOM | BC79: =BC72-52 -> -52 | BD79: 1 | BE79: 90 | BQ79: GDIL 4060 TRANSOM | BR79: =BR72-50 -> -50 | BS79: 1 | BT79: 90
I80: GDIL 6005 VENT | J80: =J73-50+8 -> -42 | K80: 2 | L80: 45 | X80: 13-021 VENT | Y80: =Y73-50+8 -> -42 | Z80: 2 | AA80: 45 | AM80: 13-021 VENT | AN80: =AN73-50+8 -> -42 | AO80: 2 | AP80: 45 | BB80: 09-002 VENT | BC80: =BC73-52+10 -> -42 | BD80: 2 | BE80: 45 | BQ80: GDIL 4056 VENT | BR80: =BR73-50+8 -> -42 | BS80: 2 | BT80: 45
I81: GDIL 6005 VENT | J81: =J72-50+8 -> -42 | K81: 2 | L81: 45 | X81: 13-021 VENT | Y81: =Y72-50+8 -> -42 | Z81: 2 | AA81: 45 | AM81: 13-021 VENT | AN81: =AN72-50+8 -> -42 | AO81: 2 | AP81: 45 | BB81: 09-002 VENT | BC81: =BC72-52+10 -> -42 | BD81: 2 | BE81: 45 | BQ81: GDIL 4056 VENT | BR81: =BR72-50+8 -> -42 | BS81: 2 | BT81: 45
I82: GDIL 6003 BEADING | J82: =J80-70 -> -112 | K82: 2 | L82: 90 | X82: 13-017 BEADING | Y82: =Y80-100 -> -142 | Z82: 2 | AA82: 90 | AM82: 13-017 BEADING | AN82: =AN80-100 -> -142 | AO82: 2 | AP82: 90 | BB82: 01-231 BEADING | BC82: =BC80-80 -> -122 | BD82: 2 | BE82: 90 | BQ82: GDIL 4058 BEADING | BR82: =BR80-100 -> -142 | BS82: 2 | BT82: 90
I83: GDIL 6003 BEADING | J83: =J81-70 -> -112 | K83: 2 | L83: 90 | X83: 13-017 BEADING | Y83: =Y81-100 -> -142 | Z83: 2 | AA83: 90 | AM83: 13-017 BEADING | AN83: =AN81-100 -> -142 | AO83: 2 | AP83: 90 | BB83: 01-231 BEADING | BC83: =BC81-80 -> -122 | BD83: 2 | BE83: 90 | BQ83: GDIL 4058 BEADING | BR83: =BR81-100 -> -142 | BS83: 2 | BT83: 90
I84: GDIL 6003 BEADING | J84: =J71-J73-25 -> -25 | K84: 2 | L84: 90 | X84: 13-017 BEADING | Y84: =Y71-Y73-25 -> -25 | Z84: 2 | AA84: 90 | AM84: 13-017 BEADING | AN84: =AN71-AN73-25 -> -25 | AO84: 2 | AP84: 90 | BB84: 01-231 BEADING | BC84: =BC71-BC73-25 -> -25 | BD84: 2 | BE84: 90 | BQ84: GDIL 4058 BEADING | BR84: =BR71-BR73-25 -> -25 | BS84: 2 | BT84: 90
I85: GDIL 6003 BEADING | J85: =J79 -> -50 | K85: 2 | L85: 90 | X85: 13-017 BEADING | Y85: =Y79 -> -50 | Z85: 2 | AA85: 90 | AM85: 13-017 BEADING | AN85: =AN79 -> -50 | AO85: 2 | AP85: 90 | BB85: 01-231 BEADING | BC85: =BC79 -> -52 | BD85: 2 | BE85: 90 | BQ85: GDIL 4058 BEADING | BR85: =BR79 -> -50 | BS85: 2 | BT85: 90
I89: WINDOW SIZE | L89: GLASS SIZES | X89: WINDOW SIZE | AA89: GLASS SIZES | AM89: WINDOW SIZE | AP89: GLASS SIZES | BB89: WINDOW SIZE | BE89: GLASS SIZES | BQ89: WINDOW SIZE | BT89: GLASS SIZES
I90: OVERALL WIDTH | L90: WIDTH | M90: HEIGHT | N90: QUANTITY | X90: OVERALL WIDTH | AA90: WIDTH | AB90: HEIGHT | AC90: QUANTITY | AM90: OVERALL WIDTH | AP90: WIDTH | AQ90: HEIGHT | AR90: QUANTITY | BB90: OVERALL WIDTH | BE90: WIDTH | BF90: HEIGHT | BG90: QUANTITY | BQ90: OVERALL WIDTH | BT90: WIDTH | BU90: HEIGHT | BV90: QUANTITY
I91: OVERALL HEIGHT | L91: =J101-6 -> -118 | M91: =J102-6 -> -93 | N91: =K101/2 -> 1 | X91: OVERALL HEIGHT | AA91: =Y101-6 -> -148 | AB91: =Y102-6 -> -123 | AC91: =Z101/2 -> 1 | AM91: OVERALL HEIGHT | AP91: =AN101-6 -> -148 | AQ91: =AN102-6 -> -123 | AR91: =AO101/2 -> 1 | BB91: OVERALL HEIGHT | BE91: =BC101-6 -> -128 | BF91: =BC102-6 -> -101 | BG91: =BD101/2 -> 1 | BQ91: OVERALL HEIGHT | BT91: =BR101-6 -> -148 | BU91: =BR102-6 -> -123 | BV91: =BS101/2 -> 1
I92: BOTTOM FIXED HEIGHT | L92: =J103-6 -> -56 | M92: =J104-6 -> -56 | N92: =K103/2 -> 1 | X92: BOTTOM FIXED HEIGHT | AA92: =Y103-6 -> -56 | AB92: =Y104-6 -> -56 | AC92: =Z103/2 -> 1 | AM92: BOTTOM FIXED HEIGHT | AP92: =AN103-6 -> -56 | AQ92: =AN104-6 -> -56 | AR92: =AO103/2 -> 1 | BB92: BOTTOM FIXED HEIGHT | BE92: =BC103-6 -> -58 | BF92: =BC104-6 -> -58 | BG92: =BD103/2 -> 1 | BQ92: BOTTOM FIXED HEIGHT | BT92: =BR103-6 -> -56 | BU92: =BR104-6 -> -56 | BV92: =BS103/2 -> 1
I94: PROFILES REQUIRED | X94: PROFILES REQUIRED | AM94: PROFILES REQUIRED | BB94: PROFILES REQUIRED | BQ94: PROFILES REQUIRED
I95: PROFILE | J95: SIZE | K95: QUANTITY | L95: CUT DEGREE | X95: PROFILE | Y95: SIZE | Z95: QUANTITY | AA95: CUT DEGREE | AM95: PROFILE | AN95: SIZE | AO95: QUANTITY | AP95: CUT DEGREE | BB95: PROFILE | BC95: SIZE | BD95: QUANTITY | BE95: CUT DEGREE | BQ95: PROFILE | BR95: SIZE | BS95: QUANTITY | BT95: CUT DEGREE
I96: GDIL 6001 OUTERFRAME | J96: =J90 -> 0 | K96: 2 | L96: 45 | X96: 16-086 OUTERFRAME | Y96: =Y90 -> 0 | Z96: 2 | AA96: 45 | AM96: 13-024 OUTERFRAME | AN96: =AN90 -> 0 | AO96: 2 | AP96: 45 | BB96: 90-001 OUTERFRAME | BC96: =BC90 -> 0 | BD96: 2 | BE96: 45 | BQ96: GDIL 4054 OUTERFRAME | BR96: =BR90 -> 0 | BS96: 2 | BT96: 45
I97: GDIL 6001 OUTERFRAME | J97: =J91 -> 0 | K97: 2 | L97: 45 | X97: 16-086 OUTERFRAME | Y97: =Y91 -> 0 | Z97: 2 | AA97: 45 | AM97: 13-024 OUTERFRAME | AN97: =AN91 -> 0 | AO97: 2 | AP97: 45 | BB97: 90-001 OUTERFRAME | BC97: =BC91 -> 0 | BD97: 2 | BE97: 45 | BQ97: GDIL 4054 OUTERFRAME | BR97: =BR91 -> 0 | BS97: 2 | BT97: 45
I98: GDIL 6013 TRANSOM | J98: =J91-50 -> -50 | K98: 1 | L98: 90 | X98: 13-025 TRANSOM | Y98: =Y91-50 -> -50 | Z98: 1 | AA98: 90 | AM98: 13-025 TRANSOM | AN98: =AN91-50 -> -50 | AO98: 1 | AP98: 90 | BB98: 09-002 TRANSOM | BC98: =BC91-52 -> -52 | BD98: 1 | BE98: 90 | BQ98: GDIL 4060 TRANSOM | BR98: =BR91-50 -> -50 | BS98: 1 | BT98: 90
I99: GDIL 6005 VENT | J99: =J90-50+8 -> -42 | K99: 2 | L99: 45 | X99: 13-021 VENT | Y99: =Y90-50+8 -> -42 | Z99: 2 | AA99: 45 | AM99: 13-021 VENT | AN99: =AN90-50+8 -> -42 | AO99: 2 | AP99: 45 | BB99: 09-002 VENT | BC99: =BC90-52+10 -> -42 | BD99: 2 | BE99: 45 | BQ99: GDIL 4056 VENT | BR99: =BR90-50+8 -> -42 | BS99: 2 | BT99: 45
I100: GDIL 6005 VENT | J100: =J91-J92-25+8 -> -17 | K100: 2 | L100: 45 | X100: 13-021 VENT | Y100: =Y91-Y92-25+8 -> -17 | Z100: 2 | AA100: 45 | AM100: 13-021 VENT | AN100: =AN91-AN92-25+8 -> -17 | AO100: 2 | AP100: 45 | BB100: 09-002 VENT | BC100: =BC91-BC92-25+10 -> -15 | BD100: 2 | BE100: 45 | BQ100: GDIL 4056 VENT | BR100: =BR91-BR92-25+8 -> -17 | BS100: 2 | BT100: 45
I101: GDIL 6003 BEADING | J101: =J99-70 -> -112 | K101: 2 | L101: 90 | X101: 13-017 BEADING | Y101: =Y99-100 -> -142 | Z101: 2 | AA101: 90 | AM101: 13-017 BEADING | AN101: =AN99-100 -> -142 | AO101: 2 | AP101: 90 | BB101: 01-231 BEADING | BC101: =BC99-80 -> -122 | BD101: 2 | BE101: 90 | BQ101: GDIL 4058 BEADING | BR101: =BR99-100 -> -142 | BS101: 2 | BT101: 90
I102: GDIL 6003 BEADING | J102: =J100-70 -> -87 | K102: 2 | L102: 90 | X102: 13-017 BEADING | Y102: =Y100-100 -> -117 | Z102: 2 | AA102: 90 | AM102: 13-017 BEADING | AN102: =AN100-100 -> -117 | AO102: 2 | AP102: 90 | BB102: 01-231 BEADING | BC102: =BC100-80 -> -95 | BD102: 2 | BE102: 90 | BQ102: GDIL 4058 BEADING | BR102: =BR100-100 -> -117 | BS102: 2 | BT102: 90
I103: GDIL 6003 BEADING | J103: =J90-50 -> -50 | K103: 2 | L103: 90 | X103: 13-017 BEADING | Y103: =Y90-50 -> -50 | Z103: 2 | AA103: 90 | AM103: 13-017 BEADING | AN103: =AN90-50 -> -50 | AO103: 2 | AP103: 90 | BB103: 01-231 BEADING | BC103: =BC90-52 -> -52 | BD103: 2 | BE103: 90 | BQ103: GDIL 4058 BEADING | BR103: =BR90-50 -> -50 | BS103: 2 | BT103: 90
I104: GDIL 6003 BEADING | J104: =J92-50 -> -50 | K104: 2 | L104: 90 | X104: 13-017 BEADING | Y104: =Y92-50 -> -50 | Z104: 2 | AA104: 90 | AM104: 13-017 BEADING | AN104: =AN92-50 -> -50 | AO104: 2 | AP104: 90 | BB104: 01-231 BEADING | BC104: =BC92-52 -> -52 | BD104: 2 | BE104: 90 | BQ104: GDIL 4058 BEADING | BR104: =BR92-50 -> -50 | BS104: 2 | BT104: 90
I107: WINDOW SIZE | L107: GLASS SIZES | X107: WINDOW SIZE | AA107: GLASS SIZES | AM107: WINDOW SIZE | AP107: GLASS SIZES | BB107: WINDOW SIZE | BE107: GLASS SIZES | BQ107: WINDOW SIZE | BT107: GLASS SIZES
I108: OVERALL WIDTH | L108: WIDTH | M108: HEIGHT | N108: QUANTITY | X108: OVERALL WIDTH | AA108: WIDTH | AB108: HEIGHT | AC108: QUANTITY | AM108: OVERALL WIDTH | AP108: WIDTH | AQ108: HEIGHT | AR108: QUANTITY | BB108: OVERALL WIDTH | BE108: WIDTH | BF108: HEIGHT | BG108: QUANTITY | BQ108: OVERALL WIDTH | BT108: WIDTH | BU108: HEIGHT | BV108: QUANTITY
I109: OVERALL HEIGHT | L109: =J117-6 -> -118 | M109: =J118-6 -> -118 | N109: =K117/2 -> 1 | X109: OVERALL HEIGHT | AA109: =Y117-6 -> -148 | AB109: =Y118-6 -> -148 | AC109: =Z117/2 -> 1 | AM109: OVERALL HEIGHT | AP109: =AN117-6 -> -148 | AQ109: =AN118-6 -> -148 | AR109: =AO117/2 -> 1 | BB109: OVERALL HEIGHT | BE109: =BC117-6 -> -128 | BF109: =BC118-6 -> -128 | BG109: =BD117/2 -> 1 | BQ109: OVERALL HEIGHT | BT109: =BR117-6 -> -148 | BU109: =BR118-6 -> -148 | BV109: =BS117/2 -> 1
I111: PROFILES REQUIRED | X111: PROFILES REQUIRED | AM111: PROFILES REQUIRED | BB111: PROFILES REQUIRED | BQ111: PROFILES REQUIRED
...
